text,label,text_length
ikn ibukota koruptor nepotisme ,negatif,31.0
sy mau tanya ikn itu untuk apa trs yg menempati ikn rakyat menengah kebawa apa untuk para pejabat ,negatif,98.0
bapak skolahin anak nya yg setinggi nnti bsa ngelamar krja di ikn nnti dsna jg bakal ada skolah rmh sakit dll,negatif,109.0
wacana belim ada kesitu realnya dan faktanya aja jangan ngomong yg blm terlaksana,negatif,81.0
follow ig ikn pak udh dr lama kq buka lowongan trs siapa tau mau dftar,negatif,70.0
gw yg tinggal di ikn,negatif,20.0
kabar angin katanya anggota parlemen tak ada yg mau pindah di ikn ya ,negatif,69.0
bandara k ikn brapa lama,negatif,24.0
ayo dukung tapera demi ikn,negatif,26.0
bakal di buka umum gasi,negatif,23.0
ini yg desain siapa si bangus banget apa lagi klu udah jadi,negatif,59.0
ikn itu apa ya,negatif,14.0
jirrrr iri banget gw sama paskibraka tahun sekarang udah bisa upacara di ikn ya apa masi di jakarta,negatif,99.0
pelantikan presiden terbaru kapan,negatif,33.0
buruntung lah kalian adik paskibraka nasional tahun ini,negatif,55.0
progres pembangunan bukannya sampek ya,negatif,38.0
udh  gitu taun ini keknya,negatif,25.0
seumpama hutang pembangunan ikn tidak lunas sampai kiamat nnti yg nggung di akhirat president apa rakyat ya,negatif,107.0
emg bisa udh selesai sebelum agustus ,negatif,37.0
lokasinya dimana,negatif,16.0
bingung mikirin konsep jalan ny paskibra nyapkh sama kyk di jakarta,negatif,67.0
nanti rumah ku jadi salah nya disana amiinnnnnnnn,negatif,49.0
fix kalau ikn jadi aku mau jalanâ ke ikn aja gak ke jakarta,negatif,60.0
yup soalnya banyak pepohonan,negatif,28.0
siapa yg bilang mustahil kemaren,negatif,32.0
ps,negatif,2.0
burubngt,negatif,8.0
ya baguslah knp emang kalau buru,negatif,32.0
ada macan ngga ya ­ ­,negatif,21.0
berasa di luar negeri,negatif,21.0
lapangan langsung menghadap garuda megah minus kayaknya panas ya,negatif,64.0
keknya ga deh bang soalnya banyak pohon dinsekitarannya,negatif,55.0
pemerintah mode serius,negatif,22.0
ini mau dipake buat agustus tahun ini ya,negatif,40.0
umr ikn brp,negatif,11.0
what are they building,negatif,22.0
jakarta sepi deh ­,negatif,18.0
pgn deh tinggal sanatapi masih mekirkan gelandangan di jalan ngak ada rumahsemoga pemerintah dan presiden bisa ngasih tempat mereka tinggal,negatif,139.0
pemerintah daerah dlu coba tanyain,negatif,34.0
jadi pen jualan gorengan di sana,negatif,32.0
tidak ada motor mobil,negatif,21.0
lebih tepatnya untuk para pejabat,negatif,33.0
anak paskib yg ikut uapacara di ikn,negatif,35.0
brpa tahun lagi ikn resmi,negatif,25.0
p info loker di ikn,negatif,20.0
suatu sat pengin ke ikn,negatif,23.0
gedung khusus para pejabat doang kah,negatif,36.0
q kerja d waskitanya ,negatif,21.0
gak sabar liat upacara pertama kali di ikn,negatif,42.0
bangkit lah jiwa dan raga nya untuk ibu pertiwi,negatif,47.0
upacara tinggal bulan lagi ­,negatif,28.0
dulu klo mau ke ibu kota naik kereta nyampe tpi skrng mau ke ibu kota harus nyebrang laut,negatif,89.0
saya dari cilegona,negatif,18.0
cuan,negatif,4.0
yuk bikin homebase timnas super megah lengkap dengan alat gym nya,negatif,65.0
pengen kerja disini tuhan ­,negatif,27.0
kalau ikn dah jadi boleh ga sih kita rakyatnya dtg kesitu keliling,negatif,66.0
saya orang awam nihsaya mau nanya gunanya tapera itu apa sih ,negatif,61.0
katanya ikn siap sampe akhir tahun,negatif,34.0
buset udah kayak eropa aja,negatif,26.0
mohon para pengawas juga ikut memantau dan mengawasi,negatif,52.0
brp tenaga kerja dan alat berat terlibat di ikn,negatif,47.0
jogetin aja,negatif,11.0
uda berapa 271t habis ya,negatif,24.0
bisa ga ya,negatif,10.0
bayangin aja duit 271t itu di buat tambahan renovasi proyek ikn ini bisa jadi kaya apa coba,negatif,91.0
katanya ikn itu ikan,negatif,20.0
ingat mega proyek dijaman presiden sebelumnya yang terbengkalaijdi jngn sampai ikn seperti itu juga,negatif,99.0
harus naik kapal dulu gak si klo di jakarta ke ikn,negatif,50.0
jika jadi kota nya gw bakalan tinggal dan hidup di ikn,negatif,54.0
kalau tapera buat pembangunan di ikn gue rela karena guw nganggur,negatif,65.0
ikn di mana yak ,negatif,16.0
ada kereta ga di ikn,negatif,20.0
dosen pns bisa pindah ke ikn,negatif,28.0
untuk pejabat saja mewah kan,negatif,28.0
tunggu saya ikn saya otw,negatif,24.0
gamau komen ah,negatif,14.0
weh demi apasih inih di ikn ­ ,negatif,30.0
kek eropa vibes nya,negatif,19.0
coba yg minta roro jonggrang,negatif,28.0
pengen kesana,negatif,13.0
ayooo lah gabung gw pengen buka tambal ban pertma di ikn,negatif,56.0
ini yg jalan progresnya cuma area inti ya area lain mah masih sepi ibaratnya yg baru jadi mah seputaran jalan merdeka doang,negatif,123.0
ikn mirip las vegas,negatif,19.0
habis 271t lho,negatif,14.0
misalkan org sumatra mau liburan kesitu apakah bisa atau hanyar untuk org org tertentu,negatif,86.0
yang nempatin orang indo apa singapore,negatif,38.0
saranjana,negatif,9.0
waktu ke sangatta sy travel dgn seorang bpk dia bilang klo di ikn blm terbangun apa dan tdk akan terlaksana ,negatif,108.0
was was kita,negatif,12.0
aku berada di barisan rakyat jelata yg mustahil bisa menikmati kecuali para pejabat dan konglomerat ¢ padahal itu ada uang pajak kami yg selalu tat membayar,negatif,156.0
modern,negatif,6.0
kayak di luar negri,negatif,19.0
keamanannya kykmna ini ada yg tau ,negatif,34.0
aku tak kuliah tenanan wes,negatif,26.0
iri banget sama paska yg lolos di nasional gw aja di kabupaten ga dapet,negatif,71.0
gagas seleksi pusat,negatif,19.0
lowongan kerja banyak nih di ikn,negatif,32.0
apakah tdk membayar klo masuk kesitu jalan,negatif,42.0
boleh gk jalan kesana melihat kemewahan ikn,negatif,43.0
blum selese,negatif,11.0
uang gw ada disana aing ,negatif,24.0
bulan belum gajian,negatif,18.0
gua kek serasa di luar negeri vd nya,negatif,36.0
kota modern,negatif,11.0
letak training center nya fi mana si kak,negatif,40.0
gbu,negatif,3.0
ohh waskita,negatif,11.0
yok bisa yok kerja disana,negatif,25.0
berasa liat negara baru,negatif,23.0
ini aceh bang,negatif,13.0
apakah bakal ada stadion lagi kayak gbk,negatif,39.0
tadi baru liat video pemasangan tiang benderanya udh selesai tinggi tiangnya meter,negatif,82.0
udh setengah perjalanan,negatif,23.0
kelas,negatif,5.0
lama amat jadinya,negatif,17.0
kira selesai ny kpn ya,negatif,22.0
pengenx ikut hadir upacara kmerdekan agustus dsna jika berkenan d izinkn,negatif,72.0
gila sekitarnya masih gunung,negatif,28.0
jadi pengen jual kerupuk disana,negatif,31.0
pontianak kalbar utk,negatif,20.0
ituh dimana sihh jakarta,negatif,24.0
penasaran sama bentuk isi gedung ya gimana,negatif,42.0
pingin jualan tahu bulat d sana ,negatif,32.0
dan upacara kenegaran peringatan hut ri yg terakhir presiden jokowi,negatif,67.0
udah jadi aja,negatif,13.0
untuk masadepann,negatif,16.0
gw ngiri terus sma temen yg dinas dsna pengen juga soal nya,negatif,59.0
saranjana didunia nyata,negatif,23.0
ga smpt ikut upacara wehh dluan lulus ª,negatif,39.0
siap siap jadi kuli ­,negatif,21.0
rumah pejabat,negatif,13.0
kaya jurasic park,negatif,17.0
adakah disini bakal dibangunkan sebagai bandaraya besar seperti jakarta,negatif,71.0
sarang pejabat yg baru nich ,negatif,28.0
cantik tapi tgk jalan kecik amat mesti macet teruk nih,negatif,54.0
like putrajaya malaysia,negatif,23.0
ibu kota jkarta emng dah waktunya pindah klu masih d jkarta blkalan dkit demo dikit masa trun k jalanklu ikn kyaknya aman krena orang klimantan g auka demo,negatif,155.0
panas bgtt tuh pasti klo upacara di lapngan nya ­ ­ ­,negatif,53.0
ntar di taroin ac keknya bang,negatif,29.0
membayangkan betapa panasnya,negatif,28.0
fibes nya udh kayak di luar negeri,negatif,34.0
ayo mb aikan pajak utk ikn tapera utk ikn palagi ya,negatif,51.0
berapa puluh ribu org yg kerja di ikn,negatif,37.0
candi ikn,negatif,9.0
aku setuju aj mbgun ikn tpi ya jgan nyusahin rakyat cari dana lewat program gk jelas mnding pjbt kya koruptor tu duitnya ato jual pulau,negatif,135.0
sepintas mirip disneyland,negatif,25.0
ada lowongan kerja nya gak sihh disini œ,negatif,40.0
otw pindah kalimantan,negatif,21.0
nk buat cam putrajaya tu,negatif,24.0
ada stadion gak y,negatif,17.0
ikn balikpapan cuy,negatif,18.0
gw ditawarin kerja proyekan di ikn njirr ambil jgn,negatif,50.0
salam dari pekerja ikn rumah tapak jabatan mentri,negatif,49.0
ini seperti nya selesai pembangunan ikn akan selesai di tahun,negatif,61.0
kita rakyat jelata cuma kebagian ngelihatin doank sama kebebanan utang ikn,negatif,74.0
ini ikn untuk rakyat,negatif,20.0
untuk rakyat kah ini,negatif,20.0
kapan jadinya kn,negatif,16.0
yang tinggal di situ orangkaya kyaknya,negatif,38.0
klo udh jadi jgn d jual ya,negatif,26.0
d kalimantan ngk cocok klo ngk d tanamin pepohonan krn panasnya luar biasa jam pagi itu sudah panas sampai sore jamklo terbuka seperti itu yakin lah ngk ada yg mau jalan kaki d situ,negatif,181.0
ini untuk siapa rakyat atau pejabat,negatif,35.0
ikn sebelum dibangun rakyat indonesia bilek,negatif,43.0
memang jiran kita kalo iri nomer,negatif,32.0
koing lah,negatif,9.0
panas cuy,negatif,9.0
ikn banamange ,negatif,14.0
kata bapak gw monas mau dibawa ke ikn make helikopter,negatif,53.0
jauh dr para kafal gurun yg selalu demo di monas ,negatif,49.0
ini propaganda apa gimana gw ga peduli soal ikn tapera gimana ikn hasil dr peras rakyat kok d banggain,negatif,102.0
mau dong aku kerja di ikn lagi cari kerja,negatif,41.0
ikn (ingin kebelet negara),negatif,26.0
marmer dari gudang gue tuh udah kontener masuk ikn,negatif,50.0
skrg tiket d kalimantan lumyan mehongmogga ada ikn tiket pesawat bs agak miringdr kaltim ujung mau ke mall balikpapan aja naik pesawat p maklum tempat ku ngk ada mall atau bioskop ‘œ,negatif,182.0
siaphrga tanah d kalimantan,negatif,27.0
tapera gw bakal lari kesini ”,negatif,29.0
gaboleh ada motor pokonya,negatif,25.0
ya allah q pengen ke ikn doa dulu gp kan,negatif,40.0
tempat raja jan ethes bernaung,negatif,30.0
pendemo yg sering koar di jakarta gk sanggup demo di kalimantan ongkos mahal sokorrr,negatif,84.0
bagi info dong gimana supaya bisa ikut upacara agustus di ikn,negatif,61.0
org luar kalimantan bnyk yg alay (bentar lgi gw di hujat jir),negatif,61.0
izin mengingatkan,negatif,17.0
nabi muhamad saw wafat pada usia tahun pada hari senin rabiul awal hijrah atau bertepatan juni masehi,negatif,101.0
kaum penyembah rocky gerung mana nihh kok ga nongolyg katanya kaum paling cerdas seantero bumi ,negatif,95.0
ikn indo,negatif,8.0
emang hambalang mangkrc,negatif,23.0
panas gk sih disana weh info perumahan,negatif,38.0
insya allah jadi browkrn semua kontraktor dr dulu krj berdasar kontrak proyekami di kemenko kontrak sampai nopember kalo lewat itu berarti kami rugi dongmakanya sampai agustus minim lah ,negatif,186.0
tempat nginap taipan cina yg akan menjajah indonesia selama tahun digadai jokowi akibat utang mengatas namakan pembangunan infrastrukturbila bls bls,negatif,148.0
tempat tinggal masyarakat dimana ,negatif,33.0
ya harus jadi lah bro demi jaga gengsi junjungan lu pada mau negara hutang cashflow minus ratusan triliunan dan g ada satupun investor mau masuk kan bisa diambilkan dri tapera oke gas oke gas,negatif,191.0
otw mangkrak,negatif,12.0
puanas nya kek apa inii cok,negatif,27.0
percuma punya bangunan megah kalau didalamnya garong ,negatif,53.0
bikin ngiler pembenci yg ngakunya pandai tidak bisa bikin karya kayak beliau yg dulunya cuma tukang mebel mereka bisanya cuma nyinyir dan nyonyor top pak jokowi,negatif,160.0
yakin gak terjadi ,negatif,18.0
air buat mandi aja susah ,negatif,25.0
yg kerja pada ngeluh mandi susah minum sulit terlalu berhayal bisa terlaksana agts ,negatif,83.0
proyek mangkrak ,negatif,16.0
udh ga punya urat kemaluan pemerintah sekarg tanah rumah yg digusur aja gajelas nasipnya skrg,negatif,93.0
semua yg d jakarta pindah di sini ka,negatif,36.0
waskita lagi kontraktornya,negatif,26.0
tukang plafon hadir,negatif,19.0
pasang di gedung kemenko,negatif,24.0
bikin stadion bola sih,negatif,22.0
ikn sekarang,negatif,12.0
papua sekarang,negatif,14.0
malaysiaserawak ketar ketir ibu kota indonesia berada di perbatasan kalimantan sama serawak,negatif,91.0
bangunan doang ngeri tapi iq warganya kebanyakan kebawahlawak,negatif,61.0
demi ini pajak naik ,negatif,20.0
gamonn upacara disinek,negatif,22.0
yang lagi cari tanah kavling strategis di ikn bisa mampir ke vt ya jarak ke pusat ikn hanya menit saja harga terjangkau mulai dari jt yuk di gercep sebelum kehabisan âœ¨,negatif,169.0
bonjour what bagai mana to orang astagfirullah waga ne papua iku kae pie to jane apakah tak di urus ke cemane la,negatif,112.0
pasti jdi kota hantu lihat saja nanti ,negatif,38.0
aku doakan semoga ikn tidak ada tikus berdasi amin ²,negatif,52.0
hahahaha hahahaha hahahaha konoharezim bangsat,negatif,46.0
buset ngapain pindah njirpdhl kaltim bagus pemandangan nya malah ikn ikut sini coba tetap aja di jakarta,negatif,104.0
terlihat hutang yang menumpuk,negatif,29.0
kemudian dia sambung orang yg mindahin ibu kota ke kalimantan itu orangnya kurus pekerjannya dulu tukang kayu tp kerjanya tuh nyata walau sering dibilang ini itulah oleh orangyg tdak menyukainya,negatif,194.0
koq gw nangis ya baca nya ­,negatif,27.0
kok gue gak nangis ya,negatif,21.0
selain mencari nafkah mereka yg bekerja di sana sedang mengukir sejarah,negatif,71.0
kira kalau anis kepilih jadi persiden ikn pasti di lanjutkan ga sih pembangunan nyh,negatif,83.0
panas ga sih di kalimantan,negatif,26.0
ijin bertanya minapakah benar upacara an thn ini di ikn,negatif,55.0
menyala angkatanpaskibraka tahun ini kan anak jd mereka paskibraka pertama yang upacara nya di ikan ,negatif,100.0
berarti upacara kemerdekan terakhir pak jokowi sbg presiden di ikn ya,negatif,69.0
pak bisa ga itu di tiang bendera paling atas di pasangin hologram bendera yang rollsquare gitu jadi kalo bendera nya itu bisa nyala di malam hari ,negatif,146.0
ukt kuliah mahal kini bos,negatif,25.0
ikn ada tiang listrik gak ya,negatif,28.0
kok sedih ya serasa ingin nagis seperti mau berpisah tapi ya memag mau berpisah dari tanah jawa,negatif,95.0
jadi makin terasa dekat perpisahan itu žsehat selalu pak jokowi ˜,negatif,65.0
meter sesuai tahun kemerdekan tahun,negatif,35.0
upacara terakhir bersama pak jokowi,negatif,35.0
uparaca agsutus pertama di ikn dan upacara terakhir pak jokowi,negatif,62.0
jadi bendera singapore ndak,negatif,27.0
proyek ambisius,negatif,15.0
klo di angan angan saja ga bakalan terwujud,negatif,43.0
itu beneran meter di jakarta aja meter ­,negatif,40.0
kasian bgt paskibra ka skrg ,negatif,28.0
sebelum dibangun pasti sudah melalui musyawarah dgn berbagai pihak kak œ,negatif,72.0
duit dr mana,negatif,12.0
investor,negatif,8.0
kenapa project besar yg lain pakai tenaga import jika project ikn saja di kerjakan anak bangsa,negatif,94.0
bakal jd cerita bagi para pekerja tiang bendera kpd anaknya ,negatif,60.0
bang info loker di ikn ,negatif,23.0
ikn kira brapa tahun lagi resmi,negatif,31.0
saya pernah kerja di situ,negatif,25.0
bangga bgt aku jadi orng indonesia tapi sayangnya aku cari uang di negeri orang,negatif,79.0
akan jd tahun sejarah,negatif,21.0
ketika mereka sudah lanjut usia maka akan menceritakan kepada anak & cucunya,negatif,76.0
kira konsep agustus an bsk gimana ya apa ada hal baru lagi cz terakhir pak jokowi ikut upacara ags,negatif,98.0
buku sejarah akan mencatat untuk anak cucu di kemudian hari,negatif,59.0
kalau pilih anis pasti tidk lihat pengibaran bendera di ikn ,negatif,60.0
bolehkah masyarakat umum mengikuti upacara d ikn nanti pengen eh aq d kaltim,negatif,76.0
ntar malam tujubelasan wayangan ya min,negatif,38.0
kudunya kalo mo lbh keren sih pake hidrolik asal jgn ampe macet aja sih tetep dipasang ama paskibraka dibawah,negatif,109.0
semoga tdk hujan,negatif,16.0
ketiganya meter arti dari ketigan tiang bendera sesuai dengan tahun ke merdeka indonesia tahun ‘,negatif,96.0
ini kalau jaman sukarno hatta sda masuk buku yg nyelas tiang bendera ini jdi mata pelajaran stiap sekolah,negatif,105.0
bagus x jga d ujungx tiang bendera x tarikan emas,negatif,49.0
pasti di ceritain ke anak cucu nya dlu p masang tiang bendera itu,negatif,65.0
pekerja yg memasang tiang bendera perlu di data utk sejarah,negatif,59.0
mau hadir agustus upacara di ikn,negatif,32.0
pingin liat bp jokowi mimpin upacara untuk terahir sebelum masa tugas berakhir,negatif,79.0
udah engga sabar pengin liat upacara bendera agustus d ikn,negatif,58.0
ingin sekali kerja disana pak rekrut sya jadi tenaga kesehatan di ikan,negatif,70.0
ikn adem kah atau malah panas sama aja ­,negatif,40.0
mau nagis njir dger musik ini np ya,negatif,35.0
info loker di ikn ,negatif,18.0
jos,negatif,3.0
liat ikn lgsung ingat tapera,negatif,28.0
indonesia raya stanza ,negatif,22.0
sementara tiang dan bendera disekolah 271t mengenaskan,negatif,54.0
sebagai warga kalimantan utara harus hadir menyaksikan upacara bendera perdana di ikn titik,negatif,91.0
spill harga tiangnya,negatif,20.0
ketua mundur content pun fyp,negatif,28.0
semoga rakyat bisa tetap berdiri tegap tanpa mengandalkan pemerintahan krn mereka sibuk buat pejabat nya,negatif,104.0
ikut upc boleh,negatif,14.0
yg sdh siap buat upacaranya doang yg lainnya blm,negatif,48.0
kalian yg kerja di ikn adalah saksi sejarah pindahnya ibukota negara,negatif,68.0
min boleh kah masyarakat masuk nonton upacara nanti,negatif,51.0
kalau orang biasa yg mau melihat upacara agustus di ikn apakah di perbolehkan akses ke ikn apa sudah ada naik angkatan umum,negatif,123.0
berarti b ner ya pak jokowi bilang kalo upacara agustus itu di ikn,negatif,66.0
kita fokus ke capres yang sudah sah dipilih ,negatif,44.0
semoga indonesia makin berkembang maju semua sektor tidak ada lagi yg korupsi,negatif,77.0
gimana sih caranya ikut jadi tamu upacara agustus,negatif,49.0
yang pimpin upacara agustus nanti di jakarta siapa ya kalau pak jokowi di iknserius tanya,negatif,92.0
yg buat ikn & pekerjanya mlakukan sejarah indonesia,negatif,51.0
mantap ikn,negatif,10.0
wow info donk ngimn carany bisa ikut upacara sn nanti itu ½,negatif,61.0
merah putih sudah tertanam dalam hati istana yg megah di sekeliling nya masih sangatlah banyak rakyat yg miskin,negatif,111.0
paskibraka nasional pengukir sejarah,negatif,36.0
dipercepat,negatif,10.0
indonesia ku,negatif,12.0
saya curiga dana tapera utk ikn,negatif,31.0
mau ikut upacara agustusan di ikn ­ ­,negatif,37.0
mungkin maksudnya pengibaranbenderakebangsan ya min indonesia jaya,negatif,66.0
istana negara karya anak bangsa bukan peninggalan kolonial belanda,negatif,66.0
ingin liat selanjutnya jadi apasila ke mantap ,negatif,46.0
klo ibukota pindah di kalimantan apa masih ada ormasâ² meresahkan di kalimantan kan adatnya masih kental suku dayak jg kompak bngt,negatif,130.0
jadi pengen pak jokowi terus jadi presiden ¢,negatif,44.0
berapa duit itu gas skr langka sy makan aja susah beras mahal dan yg lainya mau sekokah anak lagi mohon di bantu kami katanya indonesia kaya raya,negatif,145.0
lanjutak pak menaikan semua anggaran dan pn untuk membangun apapun yg tertinggal,negatif,80.0
klo mau daftar ikut upacara an di ikn lewat mana min,negatif,52.0
inspektur upacara nya siapa,negatif,27.0
sekarang gw bukan org kampung lagi,negatif,34.0
kado dari presiden jokowi untuk nkri,negatif,36.0
safety nya meresahkan kan ,negatif,26.0
ikn siapa kah yag gunting pita nanti ,negatif,37.0
brarti ini ke x pindah ibu kota,negatif,31.0
apakah di ibukota negara ikn lampu kabel di bawah tanah,negatif,55.0
anak temen gw dapat tugas ke proyek di ikn,negatif,42.0
horeeee nginep di hotel ,negatif,24.0
anginnya kencang pasti,negatif,22.0
betul kah meter,negatif,15.0
haha,negatif,4.0
min berapa tiket p ke ikn mau nonton upacara bendera disana,negatif,59.0
yakin mtr,negatif,9.0
meter berapa kali tarikan untuk narik bendera nya sampai ke atas yak,negatif,68.0
kota saranjana,negatif,14.0
ibukota ya udh gk di jakarta lgi,negatif,32.0
ibu kota kini jauh d kaltim kami yg d plosok daerh jabar jarang ke jakarta kini pindah sudah ibu kotaku makin jauh [weep],negatif,121.0
sebagai seorang terapis pijat dan bekam saya kepengen buka praktek di ikn,negatif,73.0
sejarah juga bagi yg mengerjakannya,negatif,35.0
jd pengen upacara di ikn,negatif,24.0
jadi pengen upacara dirumah mengikuti ditelevi upacara di ikn ,negatif,62.0
pingin gratis sekolah sing pinter,negatif,33.0
kuli bangunan yg kena kasus vina minta dukungan para kuli seindonesia,negatif,69.0
semua naik ,negatif,11.0
kalau tali nya bendera putus siapa yang manjat,negatif,46.0
mau bangat jln ke ikn ­,negatif,23.0
ok itu apa,negatif,10.0
coba tolong jgn yerlau tebel atas nya bendera susah berkibar nanti,negatif,66.0
sedih upacara terakhir pak jokowi menjabat sebagai presiden ­,negatif,61.0
temenku kerja disana,negatif,20.0
gak boleh gitu ikut upacara di ikn kalo boleh biar otw dari kalteng,negatif,67.0
semoga korupsi segera di berangus dari bumi indonesia,negatif,53.0
gas kan nanti otw balikpapan ikn tuk ikut upacara,negatif,49.0
cuma pembangunan cukup segitu aja dulu buat ikn jngn dbuat gedung pencakar langit oleh perusahan besar biar hutan kalimantan terjaga,negatif,132.0
dari zaman pak sukarno rencana pemindahan ibu kota hanya pak jokowi yang mewujudkannya,negatif,86.0
upacara terakhir pak joko widodo sebagai inspektur upacara ­ ­ ­,negatif,64.0
jangan sampe soal ips tahun nanti siapa yang ngelas tiang bendera ikn,negatif,69.0
macet mba krna psti tamu luar biasa dtg,negatif,39.0
meter,negatif,5.0
para pasukan paskibraka nya nanti bakal latihangladi di sana kah,negatif,64.0
penggerek nya harus ekstra tu dari biasanya,negatif,43.0
biar enggak dijawa mulu yang moderen,negatif,36.0
ttttttapiiii bukanya ikn hanya buat pejabat aja ya ­,negatif,52.0
gegara ikn pajak naik gaji di potong,negatif,36.0
itu perkabelan masih ngegantung gtu ga di tanam,negatif,47.0
singapura prediksi the simpson,negatif,30.0
kalimantan akan dimiliki para investor ,negatif,39.0
suatu hari di th,negatif,16.0
dari mana mas,negatif,13.0
 dari jakarta mas ,negatif,18.0
oh dari kampung,negatif,15.0
rakyat siapa bg org kaltim bakal netap disitu ga atau bakal jdi kesenjangan baru,negatif,80.0
ibarat gini lu org kalimantan beli online ratabarangnya di jakarta ongkir nya mahal klo semisal ikn jg jadi pusat nya barang ongkir lebih murah,negatif,143.0
rakyat indonesia mana konglomerat yang tinggal disana,negatif,53.0
271t bisa buat ikn ­ ­,negatif,22.0
pusat ekonomi tetap jakarta,negatif,27.0
hutan yg di tebang itu adalah hutan pohon akasia (pohon bahan pembuatan kertas) jadi gak salah lah di gundulincontohnya kek tahun ini aja lagi proses panenya di gundulin,negatif,170.0
kalimantan itu paru paru dunia lupa yah sama istilah itu innalilahi ,negatif,68.0
tp kan yg dipake hutan produksi tiap brp blnthn pasti ditebang juga pohonnya,negatif,76.0
proyek yang tergesa gesa,negatif,24.0
seakan pokoknya harus siap walaupun apapun yang terjadi,negatif,55.0
takut banyak warga asing,negatif,24.0
investasi apan pake apbn gt,negatif,27.0
 apbn  investor,negatif,15.0
tahun lalu mungkin orang orang juga bilang seperti itu terhadap jawa,negatif,68.0
pentingnya pemimpin yg punya mental pebisnis karna kalo ga berani ngambil resiko kita ga akan bisa maju,negatif,103.0
( )sisi negatif nya pohon banyak ketebang,negatif,41.0
pohonya kecil bang krn bukan hutan rimba tp hutan produksi yg pohonnya panen tanam lg,negatif,85.0
padahal ikn buat pejabatâyang udh punya rumah berhektar hektarlebih baik dananya buat rakyat yg di jalan sana,negatif,110.0
masalahnya tuhh itu hutan di babat banyak gak siii,negatif,50.0
tapi hutan produksi yg emang setiap tahun nya harus di babat,negatif,60.0
jujurr ini hanya untuk orang kaya,negatif,33.0
ga juga si justru bkln bnyk lowongan pekerjan klo kota baru kya gini,negatif,68.0
271t bangun kota mah ga buang uang bang ada hasilnya ,negatif,53.0
besarin nama allah sulit,negatif,24.0
kabel yg di tiang itu cuma bersifat sementara,negatif,45.0
karena proyek instalasi kabel bawah tanah nya belum selesai,negatif,59.0
untung nya apa emang masyarakat biasa bisa tinggal disana,negatif,57.0
jdi klo tnya gk di pake buat ke disney land gimana,negatif,50.0
lah anis di kasih anggaran 271t ,negatif,32.0
tapera duitnya buat ikn dulu kayanya,negatif,36.0
masih mending ikn daripada bangun kota megah,negatif,44.0
anggaran hampir 271t tapi itu anggaran selama tahun hinggal secara garis besar masih sanggup artinya setahun kita hanya mengeluarkan uang 271t,negatif,142.0
ikn nanti ada mrt ga ya,negatif,23.0
ksh triliyun bangun mobil motor nasional brp juta lapangan kerja ,negatif,65.0
kalau ikn program yg bagus cuma yg bngung kenapa pak jokowi mau acc program tapera itu aja,negatif,90.0
btw duitnya ada dari investor gk semuaduit kalian lagian gw bayar pajak cuman motor doang,negatif,89.0
jujur aku ngincer pns karena pingin pindah ke ikn di tempatku skrg banyak kenangan yg menyedihkan aku butuh suasana baru dimana orang gak ada yg kenal aku ­,negatif,156.0
ke jakarta yang deket aja belom pernah malah pindah ke kalimantan tambah jauh ­,negatif,79.0
betul pembangunan gak akan mendukung jika penduduknya juga kurang,negatif,65.0
lu belum tau mio mirza ­,negatif,24.0
krn smua sdh berpusat kesana nanti hutan kalimantan berubah jd gedung ¹ ¹ ¹,negatif,75.0
dia blom tau dengan mio mirza ˆ,negatif,31.0
belum tau mio mirza lu ,negatif,23.0
dang podo pindah lek pulau jawa kakean penduduk,negatif,47.0
papua kapan ya ,negatif,15.0
gua yang di pulau sumatra aja ga kena pastinya,negatif,46.0
kan gutang sama cinah ko ga koreksi,negatif,35.0
aku aja org kal sel merasa ini diluar nurul dan kurasa gak mgkn ternyata duganku ambyar pokoknya hadehhh rasa mustahil tapi ini reel kerjan pak jokowi bukan kaleng ,negatif,164.0
 blm paham jg,negatif,13.0
wkwk berak,negatif,10.0
coba sekarang bang apa kabarnya ,negatif,32.0
mudah an sesuai dgn expectasi kita liat aja nanti,negatif,49.0
hutan mulai habis indonesia bukan julukan paru dunia lagi,negatif,57.0
pemeratan ga salah tuh,negatif,22.0
yah blm tau mio mirza,negatif,21.0
lagian 271t dari investasipohon yang ditebang pohon produksi,negatif,60.0
bang mau nanya dahnanti monas di jakarta di bawa ke ikn ga ­,negatif,60.0
jangan sampe jatuh ke tangan anis,negatif,33.0
pinjem yang 271t dulu bang,negatif,26.0
nnti indonesia bkln di bngun kya gt apa cuma di situ doang,negatif,58.0
gw yg orang jawa setuju bgt sih jangan cuman jawa doang yg slalu dibangun infrastruktur,negatif,87.0
dan proyek yang sudah banyak menelan anggaran ini harus mangkrak sayang bngt klo gk dilanjutin,negatif,94.0
aduh kita mulai dari ya,negatif,23.0
betul bg gw setuju bgt dgn adanya ikn demi pemeratan supaya tidak jawa sentris lagi,negatif,83.0
smoga ga ada distopia di sekitar ikn,negatif,36.0
ktimbng blt salah sasaran mnding di bikin ikn,negatif,45.0
akan saya ceritakan krn ikn sehingga pemerintah adakan tapera ,negatif,62.0
dari balikpapan ke ikn perjalanan sekitar jam pas kesana debu nya ga nahan,negatif,74.0
ikn akan menjadi proyek mangkrak,negatif,32.0
kota para tikus ²,negatif,17.0
mending bg 271t buat bangun negara dari pda 271t buat kepentingan pribadi,negatif,73.0
gk kebayang triliunan pada akhirnya mangkrak,negatif,44.0
271t kemaren pke bangun ikn,negatif,27.0
yaelahh ikn cuman buat kaum elite kalo modelan saya ke ikn mau jadi apah,negatif,72.0
namanya juga kota baru di mna mana awalnya sulit,negatif,48.0
ikn udh ada investor asing,negatif,26.0
seberapa daruratkah negara harus membangun ibu kota negara baru yang bersumber dari apbn sementara sektor pendidikan dan kesehatan kita tahu masih gini gini aja jadi ikn untuk siapa,negatif,181.0
ikn butuh wktu tahun bru maju,negatif,29.0
ngomong apa si lu bang,negatif,22.0
iya skrng udah g ada duit jd di bikin lah tapera uang nya buat ikn,negatif,66.0
buzzer njir,negatif,11.0
maceeeeeetnya ikn ga solutif,negatif,28.0
dan lu salah satu orang yang menginvestasi disitu kan bg ,negatif,57.0
benar bang kalau ibu kota di tengah kita setidak nya kita di bagian timur bebas ongkir blja online ,negatif,99.0
mangkrak broo g ada yg investasi di ikn,negatif,39.0
udah ada pemukiman belum ka,negatif,27.0
bangga apanya belum ada investor lho ,negatif,37.0
hei kalian harus ingat ikn itu termasuk dari tapera jaga tangan kalian,negatif,70.0
pak,negatif,3.0
ketawa aja lah ,negatif,15.0
oh icon pemeratan doang kebanyakan simbol bukan substansi,negatif,57.0
alumni kami nyari org untuk kerja di ikn,negatif,40.0
sayangnya blm ada sk aja kalo ga berangkat juga ,negatif,48.0
bang bahas berapa tumbal proyek di ikn ,negatif,39.0
padahal ini ga sebanding dengan dgn mega proyek jalur sutra cina yg memakan biaya ribu triliun,negatif,94.0
potog gajih,negatif,11.0
hrga beras brp ya skrg,negatif,22.0
kamu udah pindah kesana belum,negatif,29.0
kata pak bahlil itu semua dari apbnbukan dari investor,negatif,54.0
yg bilang ikn mangkrak ya anak abah,negatif,35.0
gak percaua,negatif,11.0
preeettt,negatif,8.0
kira penduduknya siapa,negatif,22.0
yg ga suka ikn itu anak abah,negatif,28.0
emng ada yg mw investasi bangun kntor,negatif,37.0
kenapa ibu kota engga tetep di taro di pulau jawa sedangkan jantung nya indonesia ada di pulau jawa kalo kita di serang kita gabisa jaga jaga karna ibu kota kita bukan di jantung nya lagi,negatif,187.0
merintis memang perlu perjuangan,negatif,32.0
harapan oh dewek,negatif,16.0
makin enak penjabat tidur,negatif,25.0
bang mau nanya buat investasi kosan dekat dgn kampus yg ada di ikn berapa ya,negatif,76.0
setahun ga lewat ikn pas lewat sana lagi udah full macett‚,negatif,58.0
kaltim samarindacapenngeliat ikn mana sih prioritas kereta lintas kalimantanjalan penguhubung antara kalimantan masalah tambang ilegal mana prioritas sih heran,negatif,159.0
konglomerat mana berapa dananya,negatif,31.0
coy harga di kalimantan mahal mahal apalagi ongkir barang,negatif,57.0
cair ini mah,negatif,12.0
malahan bangunan yang dikejar kejar bisa ga bakal sempurna pengalaman sih,negatif,73.0
pembangunan untuk rakyat ga ada,negatif,31.0
di peta the simsons kalimantan masuk singapura pulau jawa jadi australia,negatif,72.0
masa iya ,negatif,9.0
ralat woii projeck jokowi ini itu sudah dari bung karno hanya di jokowi terealisasinya,negatif,86.0
sekarang jadi banyak bangunan,negatif,29.0
bos agustus bulan peresmian tapi hut ri upacara disana,negatif,54.0
banyak jawa yg gaterima,negatif,23.0
bukan buang buang uang ga tuh,negatif,29.0
aku pengen bamget ke ikn kalo mentri indoneaia ngk mau saya siap mengisi ikn ,negatif,77.0
kenapa pak maruf amin tidak di sebutkan pak kan dia wakil presiden berarti proyek beliau juga ,negatif,94.0
apanya yg siap bulan agustus tinggal menghitung hari ,negatif,53.0
kalimantan landscape tanah nya mirip daratan tiongkok jadi tau lah siapa yang tinggal dan jadi bos di sana ­,negatif,108.0
pokon,negatif,5.0
hutan papua di gundul kocak,negatif,27.0
amdal nya,negatif,9.0
ikn bakal jdi new icon di indo kah,negatif,34.0
karepmu,negatif,7.0
emang ikn buat rakyat kecil,negatif,27.0
otoritas yg baru siapa ya numpang tanya,negatif,39.0
mirip konoha yg lagi di bangun setelah di hancurkan oleh pain,negatif,61.0
jakarta jawa junior,negatif,19.0
yang 271t aslinya 271t skarang ketauan itu aja ambil pak biar cepet jadi,negatif,72.0
penasaran apa biaya nya di koru gk ya,negatif,37.0
akhirnya seperti meikarta atau hambalang,negatif,40.0
yang bener ¨,negatif,12.0
suatu sat hutan nya bakal hilang trus ganti sama gedungâ² tinggi,negatif,64.0
pasti pemilih anis,negatif,18.0
ya yang diuntung kn pada pejabat,negatif,32.0
yakin 271t,negatif,10.0
manfat untuk rakyat kecil,negatif,25.0
di kalimantan tidak ada satupun kereta api trsportasi antar kalimantan karena saya orang kalimantan,negatif,99.0
heleh,negatif,5.0
mimpi bangun,negatif,12.0
belum ada duitpengen buat proyek besar ,negatif,39.0
iylah pajak aja naik  wkwk,negatif,26.0
ada tempat party nya ,negatif,21.0
skrng gimana,negatif,12.0
dipaksa itu swasta bukannya mau ,negatif,32.0
jangan sampai ada gedung tinggi di ikn,negatif,38.0
semua butuh perores bukan mie istan,negatif,35.0
bakal ada rumah sakit besar di iknhotel bintang dll ,negatif,52.0
apakah beberapa presiden selanjutnya akan melanjutkan proyek ikn,negatif,64.0
ikn aja direncanakan pas presiden masih soekarno anjir,negatif,54.0
di endors ya ,negatif,13.0
seharga twiter,negatif,14.0
hm apakabar triliun ,negatif,20.0
pemeratan bagi orang jawa bukan indonesia ,negatif,42.0
abang juga invest kan,negatif,21.0
halah pembangunan pulau jawa sudah abis brp 271t,negatif,48.0
di prediksi tahun kota jakarta bakalan tenggelam,negatif,48.0
tinggal tambah setengah njir,negatif,28.0
kenapa ya gk di riau ibu kota nya,negatif,33.0
dari pada ibu kota di jakarta banjir,negatif,36.0
yang invest cuma org asing,negatif,26.0
target selesai,negatif,14.0
makan gratis anggaran hampir 271t pertahun,negatif,42.0
yang sampek 271t gimana,negatif,23.0
minimal jalan di sumatra bagusinlah,negatif,35.0
blm juga kesampean ke ibu kota yg skrng dah mau pindah aja,negatif,58.0
masih dikit banyakan 271t sama 271t,negatif,35.0
ngab owi late game terlalu op,negatif,29.0
yang menikmati nya kan anak muda juga nanti nya,negatif,47.0
aku tau itu kaka ,negatif,17.0
lah dari pada yang 271t sia,negatif,27.0
krn ikn dah ada di uu sih sejak soekarno tp bru jokowi yg berani realisasi,negatif,74.0
o jadi presiden proyek ikn terbengkalai ­,negatif,41.0
bapaku,negatif,6.0
ya allah minimal bisa kesna ­ masa iya saya lahir disana gak punya ingatan satupun tentang wilayahnya ®â ’¨,negatif,107.0
biar merata peningkatan ekonomi indonesia engga di jawa aja,negatif,59.0
271t udah bisa bikin ibukota gimana yang udah bisa bikin apa ya bang,negatif,68.0
suatu hari nanti,negatif,16.0
ikn akan banyak penghuni investor aja ,negatif,38.0
makanya liat statement bu sri mulyani di mk ,negatif,44.0
klo g salah ikn dibatasi ya penduduk nya cma jt jiwa ,negatif,53.0
biar ga jawa doang,negatif,18.0
berarti kedubes semua bakalan pindah ya,negatif,39.0
eh mana da yang bilang mau batalin lagi abah abah,negatif,49.0
lebih susah lagi kalo membangun diperkotan mahal pembebasan lahanya,negatif,67.0
ikn buat pmerintahan aja warga nya gk di ajak ya mon map,negatif,56.0
jika ditambah dengan 271t jadinya kapan,negatif,39.0
udah ya ini biar orang luar jawa tidak bilang jawa di anak emaskan,negatif,66.0
tapi yang 271t udah di bawa sandra dewi,negatif,39.0
alah kalo dah jadi juga lu pingin kesana potokan,negatif,48.0
ini baru presiden jangan jawa sumatra jakarta trus di renov,negatif,59.0
ama proyek timah udah ketutup kok biyaya bngun ikn,negatif,50.0
lo ngerti infestor gak sih,negatif,26.0
uang sandra dewi kan bisa dipake,negatif,32.0
ga ada hewan buas kah,negatif,21.0
listrik sulit air bersih sulit kan nah ikan terbangun bukannya jadi lebih maju masalah kelistrikan dan air bersih,negatif,113.0
gw teep stngh,negatif,13.0
nanti ada bandara gak disana,negatif,28.0
mending 271t buat indonesia daripada 271t buat perut sendiri ,negatif,61.0
aq aja rasanya pengen pindah ke ikn,negatif,35.0
ya biar indonesia ga cuma dijawa aja‚,negatif,37.0
yang penting bukan omon omon ,negatif,29.0
daripada di janjikan kota setara jakarta,negatif,40.0
bnyk oligar cina ga bg disana,negatif,29.0
271t lebih dari setengahnya 271t njir ­,negatif,39.0
gara ikn rakyat jadi tambah melarat,negatif,35.0
otw beli tanah di ikn,negatif,21.0
influencer istana,negatif,17.0
ikn di tawarkan ke singapura,negatif,28.0
tapera,negatif,6.0
yang tinggal disana china semua ,negatif,32.0
ikn itu nanti milik siapa,negatif,25.0
bahlil bahlil,negatif,13.0
gimana bg ikn skg,negatif,17.0
oligarki,negatif,8.0
pemeratana,negatif,10.0
konglomerat singapura,negatif,21.0
dibayar piro koen iku,negatif,21.0
projects mustahal,negatif,17.0
jilat jilat,negatif,11.0
271t jadi ikn,negatif,13.0
dana ngak ada,negatif,13.0
legasi,negatif,6.0
cair cair cair,negatif,14.0
daripada di korup,negatif,17.0
peneratan bagaimana,negatif,19.0
makin panas ni bumi lama ama,negatif,28.0
daripada 271t,negatif,13.0
koko koko,negatif,9.0
ini pasti ank abahh,negatif,19.0
271t bisa buat beli setengah dri ikn,negatif,36.0
buang buang uang kalau kata anak abah,negatif,37.0
project atau proyek,negatif,19.0
terserahmulahkalo mau lu ikut tinggal di sana,negatif,45.0
mas daftar jadi buzer gimana yah,negatif,32.0
buzzer ikn klau swasta yg bangun otomatis itu punya mereka bukan punya negara,negatif,77.0
mangkrak,negatif,8.0
ettt dibayar mas,negatif,16.0
masih sedikit jika dananya 271t,negatif,31.0
tapera untuk candi ikan ­,negatif,25.0
sorry ya yang yang gak setuju proyek ikn itu biasanya rataâ² orang yang dipulau jawa sementara yang setuju proyek ini rataâ² orang diluar pulau jawa,negatif,148.0
agustus mau resmiin apa wkw emang yg bangun bondowoso,negatif,53.0
investor nya tapera ya tong,negatif,27.0
di komen sini kok beda ya nanggepinnya,negatif,38.0
ini yg bikin smua di pajakin ,negatif,29.0
itu pnya investors,negatif,18.0
kira orang jakarta pada mau pindah ke sana ga pak erick tohir aja pernah ngomong siapa yg pindah di sana,negatif,104.0
mas nya orang aceh tolong di kembali kan,negatif,40.0
liat no papua,negatif,13.0
asetnya untuk negara,negatif,20.0
banyak menyumbang banyak,negatif,24.0
namun papua kayak indonesia tahun an,negatif,36.0
hanya orang terpilih yang bisa tinggal disana jadi kesimpulannya hanya untuk memilah rakyat miskin dan kaya ,negatif,108.0
tau apa ni orang tentang ikn,negatif,28.0
jauh dari harapan,negatif,17.0
blegedes,negatif,8.0
semua itu untuk siapa untuk rakyat kah atau pejabat,negatif,51.0
di lnjut pembangunan ikn,negatif,24.0
pemeratan,negatif,9.0
knp gak cetak uang aja buat bangun,negatif,34.0
klok 271t gak buat urusan pribadi buat di sombongin pasti ikn udah banyak kemajuan dan tidak membutuhkan investasi luar negri,negatif,125.0
wkwkwk pegang itu kata semuanya selesai sebelum agustus nanti,negatif,61.0
ingat kataroki gerung,negatif,21.0
heran ama yang bilang khusus pejabat,negatif,36.0
sabi kali yah presiden indo non jawa,negatif,36.0
takut film the simpson jadi kenyatan,negatif,36.0
tapi warga sekitar di suruh pindah,negatif,34.0
lah makan gratis juga 271t pertahun lagi,negatif,40.0
nasib masyarakat adat,negatif,21.0
apalah ,negatif,7.0
kalau gagal fix turunan pasti diinget,negatif,37.0
lu di endors berapa bang ,negatif,25.0
pembangunan abis 271t di huni buat jt orang doang ,negatif,50.0
ngakak cik,negatif,10.0
pemeratan tapi ditumpuk disatu titik,negatif,36.0
cuma nambah 271t udh siap dananya,negatif,33.0
emang peneriman pajak dan bumn negra berapa sih setahun,negatif,55.0
pajak juga dikebutape aja ditarik,negatif,33.0
yg jdi pertanyan itu kayusiapa yg menjualnya dan siapa yg tnggung jawabnya,negatif,74.0
ytta 271t lebih itu ngga dari pemerintah semua tapi sebagian besar investor ada kok kalkulasinya kalo ngga dari sekarang kapan majunya kita harus out of the box,negatif,160.0
itu bukan harus semua selesai broitu proyek jangka panjangsampai ini hnya kantor presiden dan pendukungnya saja,negatif,111.0
darimana pemeratannya jelaskan,negatif,30.0
pemeratan untuk siapa mas untuk negara luar,negatif,43.0
teing ah,negatif,8.0
bang inget bang tpasti bisa dibangun setengahnya dari ikn,negatif,57.0
klo 271t digunakan untuk subsidi tdk mndpatkan hasil mnding membangun pemeratan untuk masadepan bukan untuk hari ini dan besok doang klo dibagi ke rakyat 271t gk dpet apadan pasti bakal kurang,negatif,192.0
jadi nanti bakal jadi din (daerah ibukota nusantara) ,negatif,53.0
ini contoh high risk high demand ya bang,negatif,40.0
kan gak smuanya anggaran negara bos ada investor juga kan,negatif,57.0
terus 271t itu ga buang2 uang,negatif,29.0
ikn cuman buat pejabat,negatif,22.0
utang,negatif,5.0
oh ya,negatif,5.0
preeett,negatif,7.0
terserah,negatif,8.0
spill jadi buzzer jokowi dong,negatif,29.0
calon hambalang nih liat,negatif,24.0
disini yg punya vid ini juga punya tanah di ikn jir,negatif,51.0
oh masnya property investor ,negatif,28.0
ini pembahasan tahun,negatif,20.0
mang eak,negatif,8.0
eeeejadi resapan airnya ilang dongmangkanya sering banjir,negatif,57.0
kolongmerat apa kolormerah,negatif,26.0
hahahaha perkonten berapa siihhh,negatif,32.0
mangkrak pasti,negatif,14.0
bro ikn itu adalah project soekarno tapi baru terleasisasi sekarang ,negatif,68.0
cuma gk sampai,negatif,14.0
pakai hasil timah aj sudah lebih bnyak yang sampai 271t dikorupsi ini blom lainnya tambang indonesia gk pakai infestasi negara luar nusantara sediakan sendiri aja,negatif,162.0
untuk covid kemarin kalau ngga salah rp triliun,negatif,47.0
daripada 271t gatau kemana,negatif,26.0
udh gmapng ad anggaran tambahan treliun,negatif,39.0
donggala korban ikn gunung nya udah tak indah lagi,negatif,50.0
kenyot,negatif,6.0
bangun istana negara sama jln utama dulu yg lain bisa nyusul jgn di lepas k investor asing pak terus kita nanti gk bisa kontrol mereka yg bagun d ikn pak kan kita dpt pelajaran dr jakarta,negatif,187.0
cebok trus,negatif,10.0
dr pd gubernur dki jakarta 271t x thn 271t cuma cat jln,negatif,55.0
pasti mangkrak,negatif,14.0
apakah yang film saranjana tuh bener ada yahh ini buktinya di prov kalimantan,negatif,77.0
dihhh,negatif,5.0
yahhh kalo anggaran nya 271t kan tmbh gak masuk akal pas orang atau pejabat ngeluh knpa jelek bngt kan kon,negatif,106.0
kontennya ko mirip sama influencer lain ya gw pikir review sendiri,negatif,66.0
tapi ada tujuanya daripada 271t cuma buat foya,negatif,46.0
panas,negatif,5.0
sumber daya alam itu banyak yg dari kalimantan kalo gak salah,negatif,61.0
pemb kebut begini hrs di perhatikan kontraktornyakrn sdh biasa bangunan yg cpt maka akan cpt jg hancurnya jgm bilang tidak ya ,negatif,127.0
siapa dulu dong yg mengelola ,negatif,29.0
isi in diamon ff bang tinggal satu token lagi ­ id,negatif,50.0
info dong mau investasi ke siapa yah gw ada 271t,negatif,48.0
271t setengahnya cok,negatif,20.0
yg tinggal di sana cina nanti habsa cina terpampang di siana kayak singapura ,negatif,77.0
berarti ikn milik orang banyak dongbukan milik negara ,negatif,54.0
hm,negatif,2.0
hahahhahahahaha,negatif,15.0
buzzer tk nn,negatif,12.0
cot,negatif,3.0
kata guru gw ikn itu bakal jadi tempat nya para komunis emg bener,negatif,65.0
masak minimorang indonesia aja ada yang punya 271t cuma cumatapi dah di penjara,negatif,79.0
kan ada 271t tinggal bayar setengah agi bisa,negatif,44.0
daripada 271t,negatif,13.0
gua bakal ceritain ayah nya sesak napas dan jarang mandi di ikn,negatif,63.0
setengah uang yg di kurup,negatif,25.0
rip paru dunia,negatif,14.0
daripada 271t dicuri sama chindo ,negatif,33.0
bang di situ pakek tumbal proyek gk sih,negatif,39.0
konglomerat cina,negatif,16.0
sama kayak bagi bagi bansos ya y,negatif,32.0
bertahap tapi pasti,negatif,19.0
pinjem suaminya sandra dewei kurang dikit,negatif,41.0
kalo dananya kurang masih ada 271t silahkan di ambil ,negatif,53.0
271t udah setengahnya,negatif,21.0
mending bangun ikn 271t keliatan hasilnya drpd ditilep 271t cm keliata berita sekolah nya,negatif,89.0
mirip banget si kayak konoha,negatif,28.0
mending mana gak punya tapi punya sendiri ama punya tapi punya orang lain ,negatif,74.0
gua denger dari yang kerja di ikn banyak yang koruf katany,negatif,58.0
pasti pendukung anis,negatif,20.0
pengen ngibar agst dsn,negatif,22.0
dan bansos sebelum pemilu sama dengan membuat ikn ,negatif,50.0
271t kira kira bisa buat ikn gak ya,negatif,35.0
dari pada korup si,negatif,18.0
hrusnya sblum d bgun gedung d buat dlu gorong raksasa saluran air biar g kek jakarta banjir,negatif,91.0
pemeratan itu kotasatelit itu ditambah pembangunannyakalo cuma bangun ikn mah bukan pemeratan tapi bangun istana kocak,negatif,118.0
wis mas aku ws di tahap terserah,negatif,32.0
ikn itu dimana,negatif,14.0
271t x aja sisa,negatif,15.0
gw yang kerja bangun irigasi di training center dan sekitarnya,negatif,62.0
setelah jadi malah,negatif,18.0
sepi,negatif,4.0
keciri pendukung anis,negatif,21.0
jakarta mau tenggelam bro,negatif,25.0
susahkan aksesnya itu biar semua org tau indonesia itu bukan cuman di jawa,negatif,74.0
biar orang sebelah g bilang jawa sentris mulu,negatif,45.0
ketawa aj yg bikin konten aj cina,negatif,33.0
hatitanah yg ngk ade sertifikat,negatif,31.0
pemeratan ekonomijadi ga terpusat di daerah aja ”,negatif,49.0
capeeek deh,negatif,11.0
info lapak jualan sayuran bg ,negatif,29.0
yg berduit boleh tinggal,negatif,24.0
itu hutan apa tu namanya hayooo,negatif,31.0
pokoknya gua dah pesen lahan buat gua jadi tukang parkir,negatif,56.0
takut ikn seperti singapura ,negatif,28.0
biar kalimantan ada kota yg lebih gedenyakasihan orang kalimantan kalo beli online ongkir mahalbahkan lebih mahal dari yg di beliyg di jawa mah enk,negatif,147.0
pohon nya pada kemana itu,negatif,25.0
proyek waduk gondang ngasi pak jokowi entek jabatan durung rampung ­,negatif,68.0
jaga baik ibu kota baru ini jangan sampai tercemar seperti jakarta ,negatif,67.0
ga tau uang yg untuk kovid brp yh,negatif,33.0
271t itu jajan gw perbulan bejirrr,negatif,34.0
kalau bisa jalanya di buat full lebar biar pada satnya nanti gak mancet ,negatif,72.0
hm yg jadi concern aku itu jaringan listrik blm subsurface ya,negatif,61.0
soalnya pulau jawa udah penuh  rakyat indonesua tinggal disitu jdi ya pindah ke kalimantan,negatif,90.0
rafi akhmad investasi ke ikn gak ya,negatif,35.0
project ambisius,negatif,16.0
kita mau indonesia sentris bukan jawasentris terus,negatif,50.0
ikn jadi pasti akan viral di luar negeri,negatif,40.0
yaudah jalan terus aja indonesia gak mau bangun infrastruktur,negatif,61.0
iangan sampe banyak perumahan disana soal mya nanti hutanabis,negatif,61.0
biar pusat ekonomi gak di jawa terus,negatif,36.0
rip paru paru dunia,negatif,19.0
dan ada capres yg blg perubahan nolak ikn ,negatif,42.0
gimana ga dikebut orang upacara nya nanti harusnya udah di ikn,negatif,62.0
aku kerja di sini ka kuli tapi,negatif,30.0
bukan hutan mas itu kebun,negatif,25.0
seperti kebun sawit di ptpn,negatif,27.0
bukan hutan liar hutan produksi,negatif,31.0
anggaran makan siang lebih gila bro,negatif,35.0
sebentar lagi mai jadi singapur pulau kalimantan,negatif,48.0
ya belum makan geratis belum berkelanjutan abng,negatif,47.0
kocak ya,negatif,8.0
supaya lebih maju dan gak kumuh nrgara nya,negatif,42.0
di cuplikan terakhir bisa di lihat polusi yg di timbulkan,negatif,57.0
bagi bansos tai,negatif,15.0
ratanya dmn kaka,negatif,16.0
ingat jangan jual tanah walaupun itu di hutan,negatif,45.0
kek nya ni ikn beneran jadi dahkarna pembangunan nya cepet bet njr,positif,66.0
ikn di gagas oleh bung karno di kerjakan di era presiden jokowi di persiapkan dan di pake oleh presiden prabowo,positif,111.0
engga ada namanya suatu pembangunan ga berguna selama niat nya baik buat masa depan negara itu sendiri,positif,102.0
aku yg dikalsel aja bangga deket ibukota wlp beda provinsi dan jarak yg jauh hehe,positif,81.0
terlihat damai dan aman dari pendemo,positif,36.0
bener dikebut tmn ku ada yg kerja disana jam nonstop sistem shifttapi gajih nya ga maindari sepaku aja keliatan indah banget apalagi masuk,positif,139.0
bagus bgttt mau kerja di iknnnnnn,positif,33.0
vibe nya kek maju bgt,positif,21.0
pak jokowi pak jokowi suatu kota yg indah akan tercipta karenamu kemegahan akan kota itu pasti akan sangat luar biasa yg saya yakin akan lebih dari kota jakarta yg sat ini merupakan pusat indonesia,positif,197.0
suamikuu juga nanti dinas kesana bagian proyek gensetnya pake jasa dari ptcondutorjasa,positif,86.0
boleh pindah kesana ngga ni bagus bgtt,positif,38.0
ngebayangin suasana pagi sama sore hari nya kek nyaman bnget apalagi ngeliat ada area kaya buat jalan kaki atau semacam taman gitu,positif,130.0
kn indah banget,positif,15.0
adem bgt pastikali dh jadi,positif,26.0
pasti rampung ikn dan indah ibu kota nusantara,positif,46.0
semoga cewe gw terpilih jadi salah satu anggota paskibnya,positif,57.0
lagi semangat belajar it buat kerja di ikn,positif,42.0
bayangin balikpapan ke ikn gk smpe menit apa lgi akses nya super enak bgt jalannya besar dan kualitas aspalnya kaya dieropa anjir,positif,129.0
indah yah ikn tapi tak seindah realita menjadi mahasiswa yang uang semesternya tinggi kadang berpikir untuk berhenti tapi orang tua selalu meyakinkan untuk terus maju,positif,166.0
green city,positif,10.0
kalo malem bagus si,positif,19.0
pak jokowi emang the best,positif,25.0
selalu indah,positif,12.0
masya allah keren,positif,17.0
keren banget ikn ini,positif,20.0
enak bngt yg ddk di sana mewa bet,positif,33.0
kota baru harus lebih indah,positif,27.0
waskita the best,positif,16.0
enda sabar mau liat upacara agustusan di iknsalam dari warga samarinda,positif,70.0
lulus ipdn penempatan ikn amiin ­,positif,33.0
ikn terbaik masyarakat indonesia bisa menikmati lewat tiktok sebelum jadi dan setelah jadi akan di nikmati masyarakat luas mantap,positif,129.0
prabowo semoga papua juga bisa di buat jdi kota yg indah juga,positif,61.0
keren oi,positif,8.0
bakal jadi sejarah menyambut agustus dan diresmikan ikn sebagai ibu kota negara indonesia,positif,89.0
dimasa depann nanti banyak orang luar negeri berkunjung ke indonesia cuma melihat keindahan ibu kota ikn indonesia,positif,114.0
suatu kebanggan juga untuk pasukan pengibar bendera bisa bertugas di ikn pertama kalinya,positif,88.0
masya allah inilah indonesia yg sesungguhnya,positif,44.0
manyala presidenku pak joko tuhan yesus berkati slalu,positif,53.0
aku bangga dipimpin presiden jokowi dodo,positif,40.0
belum jadi aja udah kereeen apalagi klo udah jadi sempurna,positif,58.0
pasti bakan jadi kebanggan tersendiri buat indonesia,positif,52.0
tahun kemarin kesini msh blm semegah ini salut cpt bgt pembangunan nya,positif,70.0
ikn kami akan slalu menunggu update terbaru setiap bulan nya,positif,60.0
leluhur kita pasti sangat bahagia dan bangga melihat maha karya ini,positif,67.0
dari keindahan ikn para pekerja lembur sampe pagii sehat sehat selalu para pekerja keras semoga rejekinya barokah melimpah,positif,122.0
lets go brow ikn,positif,16.0
masyallah semakin sejahtera pejabat pejabatku,positif,45.0
semoga ikn berjalanlancar,positif,25.0
ga kebayang kalo selesai pembangunan nunggu tahun lagi pohon yg ditanam tumbuh besar makin keren banget kaya kota di dalam hutan pasti sejuk banget jadi pemerintah pemikiran juga sejuk dan jadi negara maju,positif,205.0
jayalah negeriku,positif,16.0
jayalah nusantara ku,positif,20.0
salam kenal ulun dayak kalimantan ,positif,34.0
terapkan lah kebersihan yg kuat dan bikin uud baru tentang ke bersihan,positif,70.0
kn keren banget,positif,15.0
enak joging disituudara nya masih segar,positif,39.0
indonesia maju,positif,14.0
bismillah ikn segera terwujud demi kemajuan rakyat bangsa indonesia,positif,67.0
keindahan kalimantan emang masih asri banget jadi cocok banget jadi ikn,positif,71.0
dibikin stadium bola oke nih di ikn,positif,35.0
semoga para pekerjanya sehat semua bahagia dan makmur kehidupan keluarganya,positif,75.0
mantap,positif,6.0
akan jadi sejarah di sepanjang masa,positif,35.0
ikn desa penari ,positif,16.0
pengen buka kantin di ikn,positif,25.0
ini beneran terjadi dahupacara agustus di ikn,positif,45.0
untung yang kepilih jadi presiden yang mau melanjutkan proses pembangunan ikn,positif,77.0
bagus klo ikn jdi mau rantau kerja disana,positif,41.0
keren,positif,5.0
sbagus kaya gimanapun prabowo gakan tinggal kerja dn memerintah dari ikn tetap akan laks di jkt karna lebih terasa jad presiden nya suasana lama,positif,144.0
keren bgt sumpah,positif,16.0
bismillahirrahmanirrahim semoga lolos magang di ikn,positif,51.0
fasilitas sebagus ini hanya bisa di nikmati bagi yg berduitsemoga indonesiaku makin berkembang dan merata,positif,105.0
maju indonesiaku,positif,16.0
ikn,positif,3.0
kayaknya bakalan jadi idaman no kota,positif,36.0
indonesia kuu,positif,13.0
jembatan apa itu keren banget,positif,29.0
mantap pak jokowi,positif,17.0
indonesia,positif,9.0
masya allah,positif,11.0
pembangunan jozz semoga vibesnya ngga kalah sama dubai,positif,54.0
ya allah semoga lancar pembangunan ikn ini untuk indonesia emasjayalah negeriku tercinta,positif,88.0
gimana dgn standar keamanan ikn apa desainya canggih atau nggakjgn sampai masuk angin lohharus canggih,positif,102.0
ikan cupang nya bagus banget,positif,28.0
keren bgt sumpah pengen bgt kerja disana gp lah jdi tukang tambal pertama di ikn,positif,80.0
keren bangeeetttt ikn pak jokowi ini luar biasa bgt pak ,positif,56.0
desain ikn terinspirasi dri atlantisibu kota yg di penuhi dengan kanal besar keren lah,positif,86.0
siap ditempatkan di ikn ,positif,24.0
mantap betul indah kali model bangunanya,positif,40.0
wowindah bangett,positif,16.0
masya allahera jokowi emang top markotop tidak omong doang,positif,58.0
klau dilihat ini udh nmpk indahharus jga kebersihan inisyg bg tmpat aja udh indahsaya aja terpesona melihat nyasalam dri,positif,120.0
wok keren n menakjubkan,positif,23.0
bagus bangetttt,positif,15.0
yg ptg lapangan nya dlu lah buat upacara,positif,40.0
insyallah dikemudian hari akan ada lahir jokowi jokowi yg lain untuk memajukan bangsa ini semoga sehat selalu presiden terbaiku,positif,127.0
mimpiiiii,positif,9.0
aku bangga,positif,10.0
bagus bangett,positif,13.0
super megahberkelas niii,positif,24.0
dki jakarta fav kelahiran,positif,25.0
wih keren bngt,positif,14.0
pembangunan kebut semoga setelah ini suksea indonesia semakin jaya dan sejahtera rakyatnya,positif,90.0
aihhh kerennn banget,positif,20.0
kerennnn,positif,8.0
mantap keren,positif,12.0
ga kebayang sebagus apa sat finishing,positif,37.0
kerenyasukses u pak jokowi,positif,26.0
bingung gw klo ini yg buat beginian siapa tapi bagus bangett,positif,60.0
ibu kota gw cakep bangett anjayy,positif,32.0
kalimantan,positif,10.0
bntr liat ini ko kya berasa di negara lain salut sama arsitex nya,positif,65.0
paskip siap siap,positif,16.0
pertahankan forest city,positif,23.0
dengan ibu kota negara baru akan timbul semangat dn harga diri bangsa indonesia sejajar dgn negera besar lainnya krena kita memang negara besar nkri,positif,148.0
hambalang,positif,9.0
gg sekali,positif,9.0
semangat,positif,8.0
walaupun belum selesai upacara bendera agustus tetap bagus di laksanakan di sana menunjukan komitmen bangsa untuk terus bergerak maju,positif,133.0
ini akan jdi salah satu list ku insha allah jika ikn udh jadi kesana ­ mudahkanlah ya allah,positif,91.0
semoga selalu diberikan kelancaran pembangunannya,positif,49.0
luas lagi putra jaya,positif,20.0
bagus banget,positif,12.0
njirrr keren bnget,positif,18.0
saya kangen jokowi sayang rmh saya di kabupaten kutai timur,positif,59.0
masyallah,positif,9.0
buat study tour bagus keknya,positif,28.0
ikn akan jadi titik di bentuk ya sdm tinggi dan totalitas masyarakat dengan modern,positif,82.0
keren bgt cuy,positif,13.0
merinding rasanya cita sejak soekarno terwujud gak sabar nunggu tanggal agustus,positif,79.0
cantik selamat maju ke depannya indonesia amiin,positif,47.0
pak jokowi benar presiden hebat cerdasyg pasti presiden yg penuh sabarsehat selalu pak jokowi klgsaya bangga kagum sm bpk,positif,121.0
mantap pak pak jokowi,positif,21.0
mewah bangett,positif,13.0
vibs kek di eropa,positif,17.0
beautifull ,positif,11.0
duh keren banget dah,positif,20.0
indonesia semakin jaya,positif,22.0
masya allah keren we love indonesia,positif,35.0
terima kasih selalu buat bpk jokowi yg telah bekerja keras membangun negeri ini semoga bpk sehat selalu dan sukses selalu dan tetap semangat amiin,positif,146.0
amazing,positif,7.0
indah banget ,positif,13.0
mantap mantap,positif,13.0
akhirnyapembanggunan hadir ke kalimantan,positif,40.0
insya allah mogaterwujud dapat undangan agustus,positif,47.0
jir dah mau agustus aja,positif,23.0
indahnya,positif,8.0
bangga,positif,6.0
lapangan sepak bola terbesar di dunia,positif,37.0
cantik,positif,6.0
cantik bgt ibu kota negara kita ya kn,positif,37.0
bismillah pengen ada rumahku di sana ­,positif,38.0
bisa yook ikut upacara disini,positif,29.0
jooos,positif,5.0
semoga cepat selesai dan tanpa hambatan amiin,positif,45.0
mantab ini luar biasa kalo sudah jadi bangga banget jadi rkyat indonesia,positif,72.0
keren banget,positif,12.0
pejabat full senyum,positif,19.0
sangat boleh,positif,12.0
markas iron man versi indonesia,positif,31.0
mantul,positif,6.0
clever presiden,positif,15.0
itulah pakde walau tdk jd pmimpin lg tp mberi kenangan sejarah yg tak terlupakan,positif,80.0
macam taman tema genting higland pun ye semoga maju jaya proses pembinannya,positif,75.0
menarik,positif,7.0
semoga sntiasa maju indonesia,positif,29.0
mntap,positif,5.0
kota para petinggi,positif,18.0
menghijau ,positif,10.0
beruntung amat kali mantan,positif,26.0
indahnya ikn terimakasih bpk presiden ir joko widodo sehat selalu buta bapak dan keluarga,positif,89.0
jokowi is the best presiden now,positif,31.0
semoga indonesia terus maju aminn,positif,33.0
istana untuk anak ku,positif,20.0
indonesia maju amin salam dari malaysia,positif,39.0
manifesting to be rich bro ben iso tinggal neng kene co,positif,55.0
kamu bagian dari prosesnya,positif,26.0
keren bet,positif,9.0
klo ikn udh jdkita sbg rakyat pasti banggakrn akn bagus bangetdgn konsep kota hijauramah lingkunganidgn begitu akn byk investor yg dtgbangun pabrikperusahanotomastis byk menyerap tenaga krj,positif,189.0
the best,positif,8.0
ikn setelah menjadi kota terindah rakyat indonesia bilek: indonesia ni bos senggol dong,positif,87.0
alam merestui ikn dan allah meridhoi,positif,36.0
amang presiden joko widodo tou indonesia pakakamangen waya cita ulit,positif,68.0
kuota agustus besok lebih banyak dong,positif,37.0
ibu kota nenen,positif,14.0
terlepas dr kontroversinya aku bangga bgt liat anak negri bisa bikin kayak gini,positif,79.0
indah banget cok berasa kayak di eropa,positif,38.0
indah sekali,positif,12.0
mantab,positif,6.0
penghasilan negara akan bertambah,positif,33.0
ini bagus banget cok vibes kek diluar negri,positif,43.0
indonesia akn gagah dn tdk dipandang rendah negara lain,positif,55.0
cantik banget ayo pindah kesana jualan bakso dan es pasti laku,positif,62.0
ternyata negara gw kaya ya,positif,26.0
tapi ini kan untuk pejabat yg punya kuasa,positif,41.0
kelak yg kerja cerita ke cucunya dulu kakek loh yg ngelas tiang bendera ikn bangga sekali pastinya,positif,98.0
kebayang besok ngerek benderanya berapa lama ya kudu pake indonesia raya stanza kayaknya,positif,88.0
maha karya pling luar biasa pak jokowi jozz,positif,43.0
pasti ikn akan disorot dunia dan pak jokowi semakin harum namanya dimata orang orang baik dan positif,positif,101.0
backsound nya dayak bgt gak kerasa dayak jadi tuan rumah ikn sekarang,positif,69.0
kami warga kaltim akan menjaga ikn insyallah indonesia semakin maju dan berkembang salam putra asli paser kaltim,positif,112.0
fix tahun ini aku harus nginap dlu kermh mamak ya dkt ikn agustus berangkat „ biar tgl agustus liat upacara hehe,positif,112.0
ini yang namanya baru perubahan besarran menjadikan indonesia menjadi negara maju dan berkembang di bawah presiden jokowi presiden ke bangan rakyat indonesia,positif,157.0
klo diberikan umur panjang an nanti sy akan nonton depan tv tidak akan menghadiri acara an di kecamatan karena ini an terakhir bersama pak jokowi sy tidak akan melewatkan nya,positif,174.0
meter itu kaya taun kemerdekan ya taun,positif,38.0
tahun ini bisa merasakan agustus di daerahku yg biasanya cuma bisa liat di tv bisa liat pak jokowi langsung,positif,107.0
selamat kepada saudaraku dikalimantan nanti kalo ibu kota negara sdh pindah ke kalimantan jangan lupakan kami yg dijawa ya,positif,122.0
kalau saya jadi pekerja di ikn betapa bangganya karena ikut meorehkan sejarah indonesia baru,positif,92.0
kereenikn murni karya ank bngsa pak jokowi dn karyanya untk negri akn mnjdi sejarah dn dikenang olh sluruh rkyat indonesiadn dunia akn terkagumkagum dgn indonesiamntap ,positif,168.0
bangga gak sih mereka yg ikut andil dlam pembangunan ikn sya yg ikut doain aja bangga bngt loh,positif,94.0
baik ya di tempat baru pasti saudara di sana sangat baik sekali berjiwa kesatria pembeni,positif,88.0
hidup bangsa indonesia semakin besar dari sebelumnya dan semakin maju untuk berubah menjadi negara mandiri tanpa numpang bangunan bekas penjajah belanda,positif,152.0
smoga indonesia kelak menjadi negeri yg aman damai tenteram kuat dan bermartabat di mata bangsa di dunia amiin,positif,110.0
dan mereka semua pekerja akan bangga dan menceritakan bahwa sanya mereka tlah membuat ibukota baru indonesiaketika sudah tua nantiini sejarah dan tak kan pernah hilang pasti dikenang,positif,182.0
yang kerja di sana punya kebanggan yg luar biasa untuk di ceritakan sampai ke berpa generasi ntinya,positif,99.0
menyala presidenku kebetulan yg ngerjain tiang nya tmpat ku krjs,positif,64.0
semoga indonesia ku terap jaya makmur n sentosa ,positif,48.0
kebanggan para pekerja bisa mengukir sejarah di ikn,positif,51.0
sebuah simbol dimana tahun tahun kemerdekan indonesiasebuah sejarah yg sedang diukir oleh para pekerja disanaterima kasih pak jokowi indonesia semakin maju tanpa meninggalkan sisi sejarahnya,positif,190.0
keren iknsemoga kita sebagai warga ikn bisa melihat dari dekat upacara tgl agustus nanti berharap,positif,97.0
dan tgl agustus itu sy akan menjadi salah satu peserta yg mengikuti upacara tsb biiznillah,positif,90.0
bisa jd bagian dri pembangunan ikn bagus bgt suatu hari nnti bisa jd cerita buat anak cucu,positif,90.0
walaupun saya di sumatra dan kemungkinan tidak akan ke sana tapi saya bangga apakah ini yg di namakan nasionalisme,positif,114.0
ikut bangga menyaksikan pembangunan ikn mudahan suatu sat bisa berkunjung kesana,positif,80.0
buat pak jokowi dan jajaran,positif,27.0
serta seluruh pekerja di ikn yg gak pernah berhenti bergantian menuntaskan mimpi besar bangsa ini,positif,97.0
terima ksh,positif,10.0
sehat sehat para pekerja di sanakalian menjadi sejarah bangsa ini,positif,65.0
matur sembah nuwun pak presiden jokowi,positif,38.0
ketika indonesia berada di tangan yang tepat,positif,44.0
alhamdulillah bisa melihat langsung depan mata pemasangan tiang bendera nya—,positif,76.0
kok terharu yah dengar sound ama videonya akhirnya kita punya istana sendiri bukan peninggalan belanda,positif,102.0
turut bangga terima kasih pak jokowi tuhan memberkati bapak selalu,positif,66.0
semoga diberi kelancaran dan di beri kesehatan bg yg bekerjademi indonesia maju utk anak cucu ke depan,positif,102.0
allahu akbarberikan perlindungan kepada semua pekerja ikn ya allah,positif,66.0
cita cita pak shokarno ibu kota negara pindah di kalimantan telah terwujuddan di realisasikan oleh pak jokowikalian memang hebat,positif,128.0
ibu kota tercantik dengan istana garuda yang begitu megah dan gagahnya,positif,70.0
belum aja udah keliatan megahnya ,positif,33.0
sejarah baru akan segera dimulai indonesia harus hebat,positif,54.0
pengen lihat bulan agustus kek gimn,positif,35.0
betapa bangganya mereka para pekerja di ikn ikut andil dalam pembangunan ikn,positif,76.0
semoga dapat undangan untuk mengikuti upacara bendera di ikn nanti biar dari perwakilan apakah asal bisa menikmati indah dan kemegahannya di bumi halaman sendiri,positif,161.0
megah sekali,positif,12.0
hanya mrk yg hebat yg kan tercatat dalam sejarah alunan suara merdua nan indah sape telah menggema di dunia kan bercerita ttg presiden terbaik,positif,142.0
y allah semakin nyata keliatan ikn,positif,34.0
pengibar bendera agustus nanti pasti bangga menjadi generasi paskibraka nasional pertama yg mengibarkan bendera d nusantara,positif,123.0
berdoalah yang baik baik untuk,positif,30.0
nkri kita tercinta saudaraku,positif,28.0
kita semakin bangga dgn indonesia indonesia maju indonesia makmur aminnn,positif,72.0
mungkin biar ada cerita untuk cucucicit bahawa ikan hasil karya anak bangsa indonesia,positif,85.0
bakalan padet bandara dsana agustus ini,positif,39.0
hijaunya tu rumput,positif,18.0
jdi kepingin tinggal disana suasanya kayak adem gitu,positif,52.0
jayalah indonesia negeri kebangganku salam dari kalteng pangkalan bun kota manis hadir,positif,86.0
pengen rasanya ikut tapi apa daya belum mampu semoga saja ada rezeki biar bisa berkunjung kesanamin,positif,99.0
dan akan kuceritakan nanti kepada anak cucu qusejarah berdiri ikn,positif,65.0
terbaik memang indonesia maju,positif,29.0
kita patut ucapkan terima kasih kepada pekerjanyamereka bekerja tanpa rasa lelehdan ttp semangatagar bsa segera selesai pembangunan ikn biar bisa dipakai untuk upacara an nnti,positif,175.0
umur panjang aku ke kaltim bulan agustus semoga bisa lihat upacara di ikn,positif,73.0
instrumen sape sudah menyatu dgn suasana di ikn’,positif,49.0
semoga bisa lihat sejarah ibu kota pindah momen bersejarah dalam hidupku,positif,72.0
tiangnya kalau dikasih motif ukiran keren,positif,41.0
gedung ikn sangat luar biasa,positif,28.0
ya allah suara alunan musiknya sungguh indah tak bosan mendengarkan nya nusantara jaya,positif,86.0
mantap sudah terlihat megah walau belum,positif,39.0
masyallah merinding aku saking senangnnyabapak jokowi,positif,53.0
salam hormat untuk nusantara,positif,28.0
saya bangga dengan kepemimpinan pak jokowibekwrja dengan hatiindonesia memang diperhatikantanpa mengenal lelah dari sabang sampai maraukesehat terus ya pak,positif,155.0
yg jd paskibraka nya pasti bangga banget nih pertama kali nibarin bendera di ikn,positif,80.0
bangganya yg lolos paskibraka nasional,positif,38.0
yg sakit hati biarlah sakit hatiyg gembira nikmatilahktahuilah sampai kau melewati kelahiran pun tak akn kau temui manusia yg tanpa celatp sat ini hnya jokowi yg trbaik dr yg baik,positif,179.0
mang luar biasa ide nya mbah owiperdana upacara di istana negara ikn dan upacara terakhir yg dia pimpin sehat selalu pemimpin indonesia,positif,135.0
salut sama pekerja di sama mereka bagian dari sejarah di masa depan,positif,67.0
semoga para pekerja semuanya diajak upacara agustus nanti biar mereka bisa cerita ke anak cucunya klo ayah ibu dulu ikut upacara agustus pertama di ikn,positif,151.0
maju terus indonesiaku,positif,22.0
beliau adalah bapak pembangunan sekaligus pemeratan sandang pangan ,positif,69.0
jayalah negeriku selalu terdepan utk indonesia raya ,positif,52.0
masya alloh tabarakallah smg sehat smua pekerja yg ad d ikn amiin,positif,65.0
merinding gwah gk sabar liat momentum bersejarah upacara hut ri di ikn terima ksh pejuang pmbgn ikn,positif,99.0
sehat slalu smuanya,positif,19.0
masya allah bangga dgn semua anak bangsa yang membangun sekarang ini,positif,68.0
semoga lancar sampai selesai,positif,28.0
semoga nanti pas upacara bisa ke ikn,positif,36.0
bahagianya presidenku pak prabowo nanti untuk pertama x nya disana memimpin nkri,positif,80.0
salam dari jawa sodaraku yg di kalimantan saya ikut bangga,positif,58.0
semoga ikn menjadi kan kalimantan yang bermartabat di mata internasional salam sehat slalu presiden kita yang terbaik pak insinyur haji jokowi dodo,positif,147.0
mereka semua sedang mengukir sejarah negara kita,positif,48.0
benar benar indah surga nya ibukota,positif,35.0
hanya pak de jowi yg punya akal pikiran positif yg tau bahwa indonesia ku,positif,73.0
bakal,positif,5.0
d lihat dari pergerakan pmbgunan ikn semua yg bekerja orang profesional luar biasa,positif,82.0
untung saya pilih prabowo,positif,25.0
kerja cerdas kerja target,positif,25.0
berwibawagagah garuda ku,positif,24.0
merdeka indonesia hebat mendunia tks bapak presiden joko widodo semoga lancar an pertama x,positif,90.0
anak negeri yg kompeten cerdas bersahaja terima kasih semuanya semoga diberi kelancaran,positif,87.0
alhamdulillah ya allohkita punya peradapan baru kota baru yg nantinya akan tertata dengan baiksemoga di lancarkan ya alloh amiin,positif,128.0
karya anak bangsa nh indonesia sebenarnya mampu kalau di pegang pejabat yang bener amanah,positif,89.0
wauuw,positif,5.0
sangat luar biasa ,positif,18.0
sangat penasaran ingin melihat upacara hut kemerdekan indonesia di ikn,positif,70.0
jokowi memang luar biasa,positif,24.0
sehat selalu pak jokowi tks atas keberaniannya untuk memindahkan ibukota negara dan menjadi indonesia sentrik ,positif,110.0
presiden terbaik dalam sejarah indonesia,positif,40.0
mantab hari raya kemerdekanya di ikn,positif,36.0
semangat indonesia ku,positif,21.0
satu kata keren ,positif,16.0
terimakasih pak jokowi nanti indonesia ibukota barupresiden barubersama indonesia maju,positif,86.0
mantapzz indonesia emas indonesia maju,positif,38.0
terimakasih buat leluhur dayak setempat,positif,39.0
lagu ini kalau diputar jam pagi di ikn untuk memecah keheningan hutan kalimantan mantep sekali,positif,94.0
¢ bakalan jdi upacara terakhir pak jokowi mimpin di agustus nanti sehat selalu pak jokowi,positif,89.0
kita doakansemoga ibukota indonesia yang barusegera rampung,positif,59.0
semoga impianku menjadi paskibraka nasional bisa tercapai ­ ­ ­,positif,63.0
megah sekali ikn baru kita,positif,26.0
masyallah cita pak jokowi upacara knegarand lngsungkn d ikn kn trwujud amiin y allah kunfayakun,positif,95.0
gasabarr agustus nantii pertama kali upacara di adakan di ikn,positif,61.0
mari berbenah oh indonesia ku,positif,29.0
majulah indonesiaku,positif,19.0
setelah pulang kerjadia akan bilang pada anaknyayah yg pancangkan tiang benderakelak nak kau yg kibarkan bendera merah putihnya,positif,127.0
semoga ikn terus berdiri tegak dan dipandang di duniamin,positif,56.0
rasa bangga dan haru atas keberhasilan indonesia dan dengan kepemimpinan bpk presiden jokowi ikn terwujud semoga allah swt melindungi bpk presiden jokowi dan keselamatan serta kesehatan amin,positif,190.0
marilah bersatu saudara semuademi kemajuan negara tercinta kitankri,positif,67.0
kota baruhidup baru dunia baruoh indonesiaku jaya selalu ­ ­ — menyala tanah airkumusiknya buat candu ­—,positif,104.0
alhamdulillah ya warga kalimantan banyak yang menerima adanya ikn yang gak menerima ikn malah dr luar kalimantan,positif,112.0
semoga cepat selesai pembangunan iknmajulah indonesiakujayalah selalu indonesia » » »,positif,89.0
aku stay juga di ikn karena jadi bagian dari pembangunan ikn habis sarapan liat ini mata aku berkacakaca »,positif,107.0
maju terus indonesiaku dari bumi kalimantan untuk indonesia,positif,59.0
jelas bangga banget yang pasukan pengibar bendera pertama di ikn,positif,64.0
semoga allah swt memberikan kesehatan dan keselamatan untuk kita semua amiin,positif,76.0
sampai bergetar denger berita inijayalah indonesiamajulah negeri ku,positif,67.0
masya allah keren kali,positif,22.0
berdebar hati ini moga ini tonggak indo bersatu padu maju krn tanah dan air suci seluruh indo tlh bersatu di ikn,positif,112.0
progresnya luar biasa,positif,21.0
mrs trharu n bangga smg dg pmidahan ibukota negara akan mnjdkan negara ni smkn brsatukuat makmur n adil,positif,103.0
gak kebayang gimana pas agustus nanti lebih keren pastinya,positif,58.0
luar biasa maha krya pak jokowi ini akan di kenang sepanjang masa,positif,65.0
presiden terbaik sepanjang sejarah semoga sehat selalu pak jokowi amiin ya allah indonesia mengukir sejarah nanti ku ceritakan ke anak cucuku punya presiden yg sgt hebat ,positif,170.0
aku penasaran banget liat lambang garuda yang besar itu,positif,55.0
alhamdulillah semoga lancar smua amiiin,positif,39.0
insya allah secepatnya,positif,22.0
bismillah mudahan lancar tepat waktu agustus dh bisa di tempati ,positif,64.0
semoga dilancarkan,positif,18.0
rumput nya bagus hijau,positif,22.0
luar biasa,positif,10.0
mereka lah selain mencari rezeki tpi mengukir sejarah dan berkeringat membangun ibu kota,positif,88.0
yok bisa semoga bangsa kita ini bisa menjadi negara maju,positif,56.0
aku kok merasa bangga ya,positif,24.0
semoga bisa ikut upacara agustus diikn,positif,38.0
berbanggalah seperti saya karena anak saya sudah tahun ikut bangun ikn per bulan x balik ke ke bali libur hari terbang lagi ke balik papan,positif,138.0
sehat selalu pak de saya masih percaya pade yang terbaik untuk negeri ini,positif,73.0
ikn mantap,positif,10.0
mudahan ini janji yg akan terwujud upacara agustus di ikn,positif,57.0
jadi bangga menjadi warga kalimantan timur,positif,42.0
kerenn pol,positif,10.0
kmi sekeluarga dri kalimantan mengucapkan terimakasih sebesarbesarnya kpda pa jokowi,positif,84.0
wah senangnya menjadi bagian bersejarah yang ikut pemasangan tiang bendera pasti mereka akan menceritakan kepada anak dan cucunya,positif,129.0
tidak perlu ikn untuk upacara semoga pembangunan selanjutnya lancar,positif,67.0
pengukir sejarah pastinya mempunyai tapakan yg akan dikenang anak cucu ktya itulah jokowi yg mempunyai tapakan ikn,positif,114.0
sejarah terbaru,positif,15.0
masyallahh bumi kalimantan bisa jadi ibu kota negara mau nangis bahagia bangett ya allah ­,positif,90.0
wah mantap ya saya dari muara teweh kalimantan tengah sangat senang melihat nya,positif,79.0
semoga tuhan selalu melancarkan semua,positif,37.0
kesejahteran rakyat,positif,19.0
secepat itu pembangunanya,positif,25.0
sangat bangga dengan kemajuan pesat indonesia,positif,45.0
indonesia itu kaya di tangan yg tepat,positif,37.0
aminrais mana amin rais,positif,23.0
dimana mana kerja nyata kerja baik itu menghasilkan untung bukan menghasilkan utang,positif,83.0
pak topik menyala,positif,17.0
entah kenapa ikn akan berdampak lebih maju indonesia atau justru sebaliknya karna sdh byak seluruh warga negara indonesia bersumbaksi membangun ikn,positif,147.0
semoga nkri tambah makmur,positif,25.0
boleh nda ya ikut upacara disana entah kenapa ada haru ada bahagia mengikuti pembangunan ikn smoga kita semua dilindungi yang maha kuasa semangat,positif,145.0
paskibra:ga sabar pgn cepet mengibarkan sang merah putih,positif,56.0
berdoa terus buat kelancaran pembangunan ikn,positif,44.0
semoga juga bisa ikut upacara perdana di ikn ,positif,46.0
presiden yg sangat patut dibanggakan untuk indonesia pak jokowi sehat selalu sekeluarga,positif,87.0
pt p nie bos,positif,12.0
luar biasasemoga lancar ya tuhan proses pembangunannya,positif,54.0
jokowii membuat sejarahh,positif,24.0
buat yg terbesar di dunia kejutan terbaru baru mantap tunjukan pd dunia,positif,71.0
presiden jokowi the best ,positif,25.0
wow kerreenn ikn,positif,16.0
ikn pusat pemerintahan indonesia maju ,positif,38.0
dengar musikx koq aku yg terharu yakhirx era br indonesia maju merata mulai terwujud,positif,84.0
terimakasih ya allah swt alhamdulillah masih bisa melihat progres nyata pembangunan ikn nusantara sangat bangga dan bahagia melihatnya,positif,134.0
kalimantanjagalah ikn untuk indonesia maju,positif,42.0
negara ku ikn ku yang megah,positif,27.0
indonesia maju siapa yang gak bangga negaranya semakin maju menuju indonesia emas,positif,81.0
indonesia maju bersama pak jokowi,positif,33.0
hanya bisa berkata kiranya semua yg bekerja dsna slalu diberi kekuatan kesehatan dlm menjalani setiap tugasnya masing¡,positif,118.0
slamat indonesia maju menuju kesejahteran yg lebih baik‹,positif,56.0
jokowi¡,positif,7.0
tetaplah semangat demi rakyat indonesia untuk menjadikan negara indonesia maju,positif,78.0
wajah ibukota indonesia di masa depan pokoknya top markotop,positif,59.0
salam utk pacar saya di tc kanpres sayap barat,positif,46.0
akan bersejarah untuk pengibar bendera di ikn thankyou pemerintah,positif,65.0
bakal momen bersejarah upacara agustus perdana di ikn,positif,53.0
semangat para tukang percayalah tanpa bantuan kalia proyek sebagus apapun di negeri kita ini kalo tiada kalian tidak bisa terbangun meskipun kadang ada asing tetaplah semangat menjadi negara kestuan,positif,198.0
merinding breee ibu kota nusantara seperti apa megah nya setelah selesai pembangunannya,positif,87.0
merdeka indonesiaku,positif,19.0
bangsa yang besar haruslah berwibawa di mata negara lain simbol ikn adalah lambang kewibawan bangsa indonesia tercinta,positif,118.0
tahun ini upacara agustus di ikn live ya,positif,40.0
pasti akan menjadi momen sejarah bgt bagi siapapun terlibat di upacara agustus di ikn mulai dari paski gbn dan semuanya,positif,119.0
semoga tahun ini saya bisa upacara agustus di istana negera,positif,59.0
mantap keren indonesia ku mangkin majudan disegani dunia amiin,positif,62.0
sy bangga yg tinggal di desa semoi kec sepaku akhirnya disa sy jd ibu kota negara,positif,81.0
bulan lgi upacara nasional agustus pindah ke ikn antara mimpi dan kenyatan ikn bisa terwujud trimakasih pak jokowi trimakasih para pkerja ikn,positif,141.0
presiden kerja nyata,positif,20.0
masya alloh tabarokalloh smg alloh selalu melindungi nkri,positif,57.0
indah banget cuuuy alam yg hijau berpadu dengan bangunan megah berwarna putih ,positif,78.0
subahanallah udah kepingin liat pengibaran bendera merah putih di ikn gimana meriah nya ya,positif,90.0
beruntung bgt paskibraka bakal jd sejarah,positif,41.0
karya anak bangsa,positif,17.0
pasti yg kerja dsna sangat bangga telah ada dalam bagian sejarah ikn,positif,68.0
smoga d lancarkn dn d mudahkn,positif,29.0
indonesia lbih baik lgi,positif,23.0
u kita dn generasi selanjutny,positif,29.0
semoga suatu hari nanti bisa kerja dn tinggal disana aminn,positif,58.0
jadi juga ibu kotanya di ikn keren,positif,34.0
alhamdullilah tiang bendera sudah terpasang kalimantan akan menjadi sejarah upacara bendera di ikn semoga lancar jaya allah pasti memberi kelancaran amin,positif,153.0
sampe merinding membayangkan betapa bangga yg upacara pertama dan mengibarkan pertama kali di ikn,positif,97.0
tukang las tiang bendera bakal bangga sampai tua,positif,48.0
subhanallah wabihamdihi x walhamdulillahi robil alamin,positif,54.0
semoga pembanguan ikn berjalan lancar dan sukses seperti yg diharapkan demi perkembangan bangsa indonesia,positif,105.0
asalamualaikum salam sehat selalu para pekerja di ikn selalu semangat para orang pintar dami untuk indonesia emas,positif,113.0
beruntung anak paskib pertama kali naikin benderanya,positif,52.0
ibu kota baru presiden baru,positif,27.0
pk jokowi sehat selalu jangan pernah lelah untuk memajukan indonesia,positif,68.0
smga dpt undgn bisa ikut upacara di ikn,positif,39.0
pt wika ikut serta,positif,18.0
tapera juga maju,positif,16.0
kasih pak jokowi#,positif,17.0
salam semoga pembangunannya berjalan dengan lancar sokses selalu indonesia ku,positif,77.0
joko widodo presiden kebanggan indonesia,positif,40.0
puji tuhan kiranya tuhan yang maha kuasa selalu memberkati pembangunan ikn dengan selamat selesai amin,positif,102.0
indah dan merdu sekali musiknya mengiringi video dan foto pembangunan ikn,positif,73.0
semoga indonesiaku semakin maju aman sejahtera semua rakyatnya,positif,62.0
slmat untuk kaltim agustus nntik akn bnyak pnjabat dn artis yg akn mngunjungi tmpat klian slm dari kalbar,positif,105.0
alhamdulillah gak sabar nunggu upacara hut ri di ikn³ aku cinta indonesia,positif,73.0
saya sangat suka,positif,16.0
amin,positif,4.0
nanti kan ku ceritakan disini dl hutannya luar biasa,positif,52.0
alhamdulillah januari lalu sudah ke ikn merinding rasanya membayangkan apel di sana,positif,83.0
gw pilih prabowo dan gibran,positif,27.0
selamat warga kaltim bangga menjadi warga negara indonesia semoga esok bisa berkunjung ke ikn,positif,93.0
mantap ikn di tanah dayak,positif,25.0
keren indonesia,positif,15.0
hormat grak,positif,11.0
masyak alloh,positif,12.0
semoga bisa buka usaha di ibukota baru,positif,38.0
aminn,positif,5.0
hoki bet nih yang bisa tembus sampek lolos paskibraka nasional,positif,62.0
mantap lancar jaya ikn,positif,22.0
menuju indonesia emas,positif,21.0
kiranya seluruh para pekerja yg siang malam dgn penuh semangat kerja yg tekun sll dlm perlindungan tuhan amin,positif,109.0
nuansa lagu dan tarian dari kaltim syahdu dan enak didengar nya,positif,63.0
mantap ,positif,7.0
jadi sejarah pribadi bagi para pekerja nya itunama mreka pasti akan tercatat dibuku sejarah,positif,91.0
bravo bravo bravo,positif,17.0
mantap indonesia ku,positif,19.0
semangat indonesia,positif,18.0
indonesia raya ikn ,positif,19.0
bangga sama pak jokowi,positif,22.0
alunan musiknya buat saya nangisyahdu sekali,positif,44.0
jokowi hebat,positif,12.0
jdi kota modern dan perpaduan alam mungkin in ibukota plg keren d dunia ibukota nusantara,positif,89.0
jaya terus indonesia ku,positif,23.0
cepet amat ya perasan baru kemaren salut sama pekerjannya,positif,57.0
gak sabar kiat upacara kemerdekan di ikn,positif,40.0
pengen punya rumah di ikn suatu sat nanti itu udah menjadi impianku sat ini,positif,75.0
semoga negri kita yg tercinta ini semakin maju ke depannya amiin,positif,64.0
indonesia emas,positif,14.0
upacara pertama dan trkhir pak jokowi d ikn,positif,43.0
terima kasih pak jokowi atas kado untuk anak cucu kami kelak sehat selalu panjang umur dan tetap semangat,positif,105.0
baca komen ya bikin haru ­ ­ ­,positif,30.0
semoga area dan sarana upacara kemerdekan ri bisa selesai tepat pada waktunya amiin ya rabsalam paskibra,positif,104.0
enak musiknya musik dayak seperti suara sapesuka dengerin waktu masih di kampung que,positif,84.0
smoga berjalan lancar hingga satnya nanti trimakasih presiden bpk jokowi,positif,72.0
jaya selalu,positif,11.0
luar biasa indonesiaku maju terus negriku,positif,41.0
berbanggalah saudaraku orang kalimantansetiap tahun akan ulang tahun indonesia akan di rayakan di sana,positif,102.0
hebat ini lah istana negara karya anak bangsaluar biasa,positif,55.0
jd g sabar nunggu an di ikn,positif,27.0
asyikk dpt spj,positif,14.0
terima kasih pak presiden,positif,25.0
allahu akbarjayalah negeriku bersama p prabowo subianto gibran rakabuming raka barokallah amiinn,positif,96.0
kerja cepat tapi dgn cermat supaya hasil tepat sesuai spek nya ,positif,63.0
masyallah semakin maju indonesia,positif,32.0
hanya melihat dari kejauhankami dari provinsi tetanggasalam dari kalbar,positif,71.0
terima kasih pak jokowi kau telah membuat indonesia lebih maju menuju indonesia emas harga mati,positif,95.0
muantap ikn eg,positif,14.0
masyallahhh sebagai warga kaltim terutama kami warga pusenang semoga sukses trus pembangunan di iknaminnn,positif,105.0
selamat kepada saudara kita yg ada di kalimantan jaga lah ibu kota negara kita dngn baik aman damai dan bersih kami sangat cemburu pada kalian tapi jika itu sdh jadi keputusan pak jokowi kami,positif,191.0
kerren borneo q menyala ikn,positif,27.0
terharu melihatnya jaya bangsaku tuhan senantiasa memberkati pemimpin bangsa ini,positif,80.0
sejarah baru segera dimulaisemoga indonesia semakin maju an terakhir pak jokowi sblm mengakhiri masa jabatan,positif,108.0
suami saya bilang dengan senang hati jika kelak di pindah tugaskan di ikn,positif,73.0
indonesia hebat,positif,15.0
masya allah ,positif,12.0
indonesia jaya,positif,14.0
anggota paskibraka agt akan menjadi sejarah pasukan pengibar bendera pertama kali nya di ikn,positif,92.0
jayalah nkriku,positif,14.0
masya allah tabarakallah ya allah jadikanlah ikn ini tempat yg baik untuk negara indonesia terima kasih para pekerja ikn telah bekerja keras untuk membangun ikn kalian juga luar biasa ,positif,187.0
keren?,positif,6.0
sangat indah kawan,positif,18.0
masyallah ikut bahagia walau aku ada di jawa moga kedepannya indonesia semakin jaya makmur sejahtera amiin ya rabal alamiin,positif,123.0
semangat sukses selalu kaltim menjadi ibukota baru songsong masa depan yg gemilang d generasi emas berjaya ,positif,107.0
kerennnnnn,positif,10.0
duh duh semoga tdk ada ap ya ckp mendokan yg terbaiksaia utk ikn,positif,64.0
semoga selalu berkelanjutan,positif,27.0
bangga sekali sebagai orang kalimantan ,positif,39.0
aku bangga punya mbh owi,positif,24.0
sehat trs y bapak akhirnya ibu kota jadi pindah damai dari blora jawa tengah,positif,76.0
maju terus indonesiaku sehat dan berkah selalu buat pak jokowi,positif,62.0
tar cari kerja di ibukota,positif,25.0
woww,positif,4.0
indonesiaku,positif,11.0
aku dayak bangga banget tks pak presiden ku pak jokowi sehat sllu sampai berakhir masa jabatan nt kami dayak merindukan bapak,positif,125.0
pokoknya semua konten ttg ikn ku like semua,positif,43.0
semoga an nanti bs menyaksikan upacara disitu betapa bangganya aq,positif,65.0
sumpah aku org jawa enak denger sound nya enak bnget,positif,52.0
trima kasih bpk joko widodo berserta anggotanya karena telah mewujudkan impian bpk presiden ir sukarno,positif,102.0
kalo bisa nanti ada tugu kas kalimantan yg brdiri kokoh di depan istana negara ,positif,80.0
sehat sllu pekerjan ikn,positif,23.0
pak jokowi sehat selalu,positif,23.0
bangga ya saudara yg di kalimantan jaga selalu ya ini tantangan besar buat saudara kita yg ada disana kelak akan ramai sekali pulau kalimantan,positif,142.0
gagah nya indonesia kuu,positif,23.0
jujur bangga banget karena ikn karya anak bangsa indonesia sendiri terimakasih pak jokowi membuat indonesia di pandang dunia,positif,124.0
insyallah nanti jadi salah satu penari yg akan ikut serta pada acara agustus di ikn semoga acara berjalan lancar »,positif,115.0
semoga indonesia semakin maju kedepan nya,positif,41.0
ini para pekerjanya pasti bangga membangun ikn,positif,46.0
gk sia jokowikerja kerasmu terbayarkan,positif,38.0
jaya indonesia,positif,14.0
yang kerja disana pasti bangga,positif,30.0
mantap uyyyy,positif,12.0
tmbah jauh q ke ibukonya ­ semoga makin maju indonesia kita,positif,59.0
wah keren ,positif,10.0
apalagi inspekturnya bpkjokowi ,positif,31.0
aku bangga lahir d indonesia,positif,28.0
si hijau,positif,8.0
sehat slalu pak dhe semoga indonesia bisa segera menjadi negara maju amiin,positif,74.0
tetap lh berdiri kokoh hingga akhir,positif,35.0
semoga nkri semakin berkibar dan berjaya,positif,40.0
barakallah moment yg paling bersejarah indonesia punya ibukota yg di bangun oleh putra putri indonesiaterima ksh pak jokowiwarga kalimantan,positif,139.0
moga jayalah indonesiaq ibu kota baru indonesia majulah terus,positif,61.0
sungguh indah karya kinerja pak jokowi beliau dalam hati pasti bangga mewarisi sejarah indah pada generasi penerus,positif,114.0
bagus kali pemandangan ikn,positif,26.0
musik kalimantan bikin adem,positif,27.0
tinggal beberapa bulan kedepan kita semua akan menyaksikan sejarah baru,positif,71.0
menyala indonesia kuhebat buat indonesia ku,positif,43.0
kerennn,positif,7.0
upacara terakhir presidenku menjabat sehat selalu,positif,49.0
terharu liatnya pa jokowi mg terbaik,positif,36.0
bangga lihat ikn indonesia jaya,positif,31.0
ikn bakal jdi kota maju sih,positif,27.0
andaikan aku juga bisa kerja disana walaupun serabutan aku akan menjadi bagian dari sejarah peradaban indonesia,positif,111.0
trimakasih buat semua muanya yg telah membangun salam hormat,positif,60.0
keren bangat,positif,12.0
sisi positif semaki modern nya indonesia,positif,40.0
liat makan siang gratis,positif,23.0
besarin nama mio mirza elit,positif,27.0
kenapa listrik nya model jadul ya ga langsung yang di tanam aja pasti bagus,positif,75.0
disini saya mengerti kenapa yang kaya semakin kaya,positif,50.0
memang harus begini presiden yg bagus uangnya lari ke pembangunan bukan ke perut,positif,80.0
ntr jadi juga nikmatin,positif,22.0
proyek untuk kesejahteran pejabat dan konglomerat,positif,49.0
gw orang jawa asli tinggal tapi di area desa gw mendukung projek ikn krn walau di tmpt sy masih desa pun sy merasa cukup beda lagi sama yg di indo timur yg pembangunan masih belum marak,positif,185.0
keren banget woi bisa kali loby investor disneyland buat bikin konsep kek disney jungle cruise di ikn,positif,101.0
yg nanya ikn tuh buat pejabat doang apa ga itu tuh bakal jdi kaya jakarta cm lbih tertata full pake kendaran listrik ya intinya lbih baik moga aja sdm di sana lbih bagus dri pd di jakarta,positif,187.0
saya bangga dan yakin ikn menjadi kebanggan rakyat indonesia,positif,60.0
lagi nunggu timnas main di ikn ,positif,31.0
semoga ikn berjalan lancar tanpa hambatan hingga selesai sesuai target,positif,70.0
pak anis keren kn bg?,positif,21.0
tabarakallah,positif,12.0
smg allah karuniakan kelancaran kemudahan ada banyak kemanfatan terutama indonesia timur amiin yra,positif,98.0
sat nya penghasil batubara sawit karet terbesar di indo berkembang bkn cmn melihat tapi jangan sampai menenggelamkan adat nya karna itu yg lbh penting,positif,150.0
mindset pak owi visionerdia melihat setidaknya tahun kedepan ikn akan menyamai jakarta sekarang bahkan lebih,positif,108.0
lebih bagus ikn daripada kota setara jakarta,positif,44.0
mnurut saya pak jokowi presiden terbaik indonesia,positif,49.0
271t bisa membantu pembagunan,positif,29.0
semoga cepat selesai,positif,20.0
terbaik didunia ­ ibu peri dunia khayalan dunia impiann sinetronn ­,positif,67.0
kereenn bangga saiia akhirnya pajak naik ukt naik tapera gaspoll hidup pejabat,positif,78.0
alah creator di kasih andil itu disitu,positif,38.0
ku simpan videomu bang wkwk,positif,27.0
dari pada 271t heheh,positif,20.0
jokowi is the best cuma pak jokowi yg berani memindahkan ikn,positif,60.0
harapan untuk menuju indonesia emas,positif,35.0
bng bro kl u yg ngomong w percaya karna pengalaman u dalam inves nyata,positif,70.0
alhamdulillah rumahku punya watas hektar di silkar km dekat mesjid an nur km dari kampus gunadarma,positif,98.0
sekarang sudah kerenbavus utk upacaramegah tp tidak semegah hidup rakyat,positif,72.0
dan setelah pak lurah game over ikn juga ikut game over,positif,55.0
wejokowi,positif,8.0
betul sih dengan begini senegaran bakalan joget tiap hari ok gas ok gas,positif,71.0
jokowi ter the best,positif,19.0
kata lucu harapan pemeratan,positif,27.0
bapak jokowi terbaik dia ramah poolll murah senyuman serius waktu ke tulungagung alhamdulilah bisa cium tanganya,positif,112.0
saya dan team turut membangun ikn walupun hanya memasang pintu gate otomatis,positif,76.0
yang untung investor brooo,positif,26.0
keren poll,positif,10.0
gagasan besar itu tantangannya jg besar pantang menyerah,positif,56.0
semoga aku masih bisa melihat kemajuan indonesia,positif,48.0
puji tuhan akhirnya setelah hidup dijaman purba semoga listrik bisa ngalir ke kalimantan barat utamnya didesa kami,positif,114.0
mantap harus kita hargai prestasi anak bangsa semoga indonesia makmur maju,positif,74.0
ibukota indah nasib masyarakat indah juga kh?,positif,45.0
pakde udah ambil keputusan yg baik kalo jawa di terusin bisa bisa overload kek india makanya dipindahin,positif,103.0
jokowi presiden terbaik,positif,23.0
sekarang belum terlihat hasilnyananti tahun kedepan akan membuat bangga rakyat indonesia,positif,88.0
kalo ada orang miskin tinggal dsitu itu keren tapi bisa kah ,positif,61.0
masih bagusan monumen bambu jt,positif,30.0
enakya yg kerja disana,positif,22.0
jakarta terlupakan,positif,18.0
proyek ikn biar ga bisa demo,positif,28.0
masih murah la kalau cuma 271t tak sebanding apa yg diambil rafael alun 271t bisa bangun ikn yg lengkap dengan fasilitas kretacepatnya,positif,134.0
catet yang video terakhir abang ini bakal jadi tempat bagus buat lihat gedung gedung kayak di korea,positif,99.0
cita bisa kerja di ikn,positif,22.0
jaya negaraku,positif,13.0
terbaik dalam sejarah indonesia pak jokowi,positif,42.0
hotel rs restaurant dll tentu akan bnyak menyerap tenaga kerja ,positif,64.0
pasar ya sebelah mna bang,positif,25.0
sekarang dianggap buang uangsomeday mungkin di akan bilang terim kasih pak jokowi,positif,81.0
yang komen orang cerdas semua,positif,29.0
tbiti dah setengah loh dan dipake orang aja lagi,positif,48.0
dan anda tidak menyesal telah berinvestasi good job ,positif,52.0
harapannegara semoga lekas jadi,positif,31.0
sedang menyaksikan baca komentar org si paling pinter,positif,53.0
ini ibu kota yang di bangun oleh presiden kita dan orang indonesia menyala abangqu,positif,82.0
bismillah,positif,9.0
hm menarik ini,positif,14.0
mendoakan yang terbaik untuk negara dan pemimpinnya kita ga bisa lihat skrg tapi nanti kita bisa berbangga untuk hal ini,positif,120.0
kelak ikm akan maju sprti pulau jawa dan jakarta dn prlu proses yg pnjng intinya sbr,positif,84.0
mantep biar ga dijawa mulu,positif,26.0
kita para rakyat tunggu aja insyallah dengan adanya ikn pasti indonesia menjadi negara maju,positif,91.0
emng knp bg kan bagus kota lebih makin maju,positif,43.0
coba aja ada kicir angin besar makin indah makin relatif ada plta,positif,65.0
yeees harapan pemeratan terhadap kami masyarakat indonesia timur,positif,64.0
pengen beli tanah disana buat koskosan,positif,38.0
seblm d endors sama setalh lebh tept nya,positif,40.0
pak jokowi itu visioner kalo utk skrg memang keliatan ga worth it apa yg dia kerjakan tp suatu sat nti akan menjadi legenda,positif,123.0
kalo berhasil berarti istana negara dari anak bangsa,positif,52.0
proyek pak nanang,positif,17.0
kalau udah jadi lancar negara indonesia bakal maju deh,positif,54.0
tonton sampe akhir,positif,18.0
ikn itu kota masa depan dan banyak negara negara maju yang bikin kota masa depan seperti ikn,positif,92.0
indonesian sedang membangun sejarah baru yg di ponasiin oleh pak jokowi,positif,71.0
dan yg pnya vt salah satu yg menikmati proyeknya udah biasa kok,positif,63.0
anis anis bisa aja li,positif,21.0
ni gau tambahin 271t,positif,20.0
respectt pak jokowii,positif,20.0
projek ni mau dibikin seperti putrajaya malaysia semoga succes bagus pemikiran pak jokowi majukan indonesia,positif,107.0
ikn menyala,positif,11.0
terima saja lah pembaharuan,positif,27.0
semoga indonesia terus maju salam dri malaysia,positif,46.0
harap cepat selesao ya,positif,22.0
ambisi besar,positif,12.0
slm knl dari asn bg ­,positif,21.0
welcom di ibukota ikn,positif,21.0
itu untuk kebaikan masa depan,positif,29.0
terinspirasi dari ibukota wakandapreeeeeeettt,positif,45.0
triliun kecil untuk indonesia sebesar ini biaya covit saja triliun lanjutkan p jokowi,positif,85.0
untung nya bagi rakyat,positif,22.0
baik aja bg,positif,11.0
gilak padahal dulu kayak gtu sekarang dah mirip kota banget pesat sekali pembangunannua,positif,87.0
nnti kita bisa main ke kalimantan ya,positif,36.0
gw bisa ngmong koq sama elon mas,positif,32.0
jilattt,positif,7.0
nanti tahun an akan beda lagi semoga semakin maju,positif,49.0
dah fix banyak konten kreator mulai jd sales karna ada amplop,positif,61.0
kontraktornya senyum tuhdalam hatiwoyy bayar invoicenya,positif,55.0
betuldalama membangun selalu ada pro kontra dan banyk gak ykin akan pembangunan itutp skrng pak jokowi benar memang bikin gebrakan dgn kota masa depan,positif,150.0
jokowi itu pinter bro jadi percaya aja,positif,38.0
sini saya bantu 271t,positif,20.0
kerja bagus pakde,positif,17.0
hahaha ngikut juga kan orang orang kayanya,positif,42.0
kenapa ikn bagus karna buat tuan pejabat yg ganteng dan angin juga amanah dan tidak pernah korupsi sampe 271t,positif,109.0
dari pada 271t di makan sendiri,positif,31.0
271t kako di ambil lumayan juga ya,positif,34.0
keren pa presiden,positif,17.0
suatu sat anak cucu keturunanmu akan menikmatinya,positif,49.0
saya bangga jd rakyat indonesia semakin tahun pemimpin negara ini menuju kesetaran dengan negara maju ,positif,102.0
terima kasih bang sdh kasih info buat kami luar biasa pa jokowi,positif,63.0
pak jokowi emang,positif,16.0
semua butuh proses,positif,18.0
gw akan cerita ke anak cucu gw bahwa dulu pernah ada presiden yg paling terbaik sepanjang masa dialah pak jokowi,positif,112.0
gua sihh dukung juga ikn mau gimana juga gua tetap ikut ikn jadi ibu kota baru,positif,78.0
smoga blackrock join investasi di ikn,positif,37.0
semoga ikn jadi supaya bisa saingan sama kota maju di negara lain,positif,65.0
percaya proses,positif,14.0
besarorang terkaya indonesia siap membangun indonesia semua itu dikerjakan oleh pihak swasta lokal(putra daerah) klik google orang terkaya indonesia,positif,148.0
untung prabowo menang jdi bisa lanjutin deh tuh proyek,positif,54.0
keren bang,positif,10.0
